page,context,src,media_id,media_filename,natural_width,natural_height,orientation,page_alt,library_alt,attr_width,attr_height,class,parent_class
/droom-vir-kruispad/,img,https://www.kruispadhazeldean.co.za/wp-content/uploads/2025/09/cropped-KRUISPAD-66-scaled-1.jpg,3568,3568_cropped-KRUISPAD-66-scaled-1.jpg,2000,552,landscape,,,2000,552,,wp-custom-header
/droom-vir-kruispad/,img,https://www.kruispadhazeldean.co.za/wp-content/uploads/2025/09/cropped-Kruispad_Logo_Oranje.jpg,3564,3564_cropped-Kruispad_Logo_Oranje.jpg,250,250,square,Kruispad Hazeldean Gemeente,,250,250,custom-logo,custom-logo-link
/droom-vir-kruispad/,img,https://www.kruispadhazeldean.co.za/wp-content/uploads/2020/09/rsz_17390621_1571347679559848_7813712227570444759_o-300x100.jpg,,,,,,,,300,100,size-medium wp-image-382 aligncenter,
/meer-oor-ons/,img,https://www.kruispadhazeldean.co.za/wp-content/uploads/2025/09/cropped-KRUISPAD-66-scaled-1.jpg,3568,3568_cropped-KRUISPAD-66-scaled-1.jpg,2000,552,landscape,,,2000,552,,wp-custom-header
/meer-oor-ons/,img,https://www.kruispadhazeldean.co.za/wp-content/uploads/2025/09/cropped-Kruispad_Logo_Oranje.jpg,3564,3564_cropped-Kruispad_Logo_Oranje.jpg,250,250,square,Kruispad Hazeldean Gemeente,,250,250,custom-logo,custom-logo-link
/meer-oor-ons/,img,https://www.kruispadhazeldean.co.za/wp-content/uploads/2021/04/5ea4eea885192-1.jpg,2919,2919_5ea4eea885192-1.jpg,2560,1372,landscape,,,2560,1372,attachment-full size-full wp-image-2919,
/meer-oor-ons/,img,https://www.kruispadhazeldean.co.za/wp-content/uploads/2021/02/Berea-Cafe-Static-2-scaled.jpg,1853,1853_Berea-Cafe-Static-2-scaled.jpg,2560,1898,landscape,,,2560,1898,attachment-full size-full wp-image-1853,
/meer-oor-ons/,elementor-settings,https://www.kruispadhazeldean.co.za/wp-content/uploads/2021/02/Image-10-1-scaled.jpg,,,,,,(no alt attr),,,,elementor-section elementor-top-section elementor-element elementor-element-4f3b1b96 elementor-section-full_width elementor-section-height-min-height elementor-section-stretched elementor-section-items-top elementor-section-height-default,
/meer-oor-ons/,elementor-settings,https://www.kruispadhazeldean.co.za/wp-content/uploads/2021/02/Image-9-1-scaled.jpg,1653,1653_Image-9-1-scaled.jpg,2560,1914,landscape,(no alt attr),,,,elementor-section elementor-top-section elementor-element elementor-element-4f3b1b96 elementor-section-full_width elementor-section-height-min-height elementor-section-stretched elementor-section-items-top elementor-section-height-default,
/meer-oor-ons/,elementor-settings,https://www.kruispadhazeldean.co.za/wp-content/uploads/2021/02/Image-8-1-scaled.jpg,1652,1652_Image-8-1-scaled.jpg,2560,1937,landscape,(no alt attr),,,,elementor-section elementor-top-section elementor-element elementor-element-4f3b1b96 elementor-section-full_width elementor-section-height-min-height elementor-section-stretched elementor-section-items-top elementor-section-height-default,
/meer-oor-ons/,elementor-settings,https://www.kruispadhazeldean.co.za/wp-content/uploads/2021/02/Image-7-1-scaled.jpg,1651,1651_Image-7-1-scaled.jpg,2560,1925,landscape,(no alt attr),,,,elementor-section elementor-top-section elementor-element elementor-element-4f3b1b96 elementor-section-full_width elementor-section-height-min-height elementor-section-stretched elementor-section-items-top elementor-section-height-default,
/meer-oor-ons/,elementor-settings,https://www.kruispadhazeldean.co.za/wp-content/uploads/2021/02/Image-6-1-scaled.jpg,1650,1650_Image-6-1-scaled.jpg,2560,1934,landscape,(no alt attr),,,,elementor-section elementor-top-section elementor-element elementor-element-4f3b1b96 elementor-section-full_width elementor-section-height-min-height elementor-section-stretched elementor-section-items-top elementor-section-height-default,
/meer-oor-ons/,elementor-settings,https://www.kruispadhazeldean.co.za/wp-content/uploads/2021/02/Image-5-1-scaled.jpg,1649,1649_Image-5-1-scaled.jpg,2560,1921,landscape,(no alt attr),,,,elementor-section elementor-top-section elementor-element elementor-element-4f3b1b96 elementor-section-full_width elementor-section-height-min-height elementor-section-stretched elementor-section-items-top elementor-section-height-default,
/meer-oor-ons/,elementor-settings,https://www.kruispadhazeldean.co.za/wp-content/uploads/2021/02/Image-4-1-scaled.jpg,,,,,,(no alt attr),,,,elementor-section elementor-top-section elementor-element elementor-element-4f3b1b96 elementor-section-full_width elementor-section-height-min-height elementor-section-stretched elementor-section-items-top elementor-section-height-default,
/meer-oor-ons/,elementor-settings,https://www.kruispadhazeldean.co.za/wp-content/uploads/2021/02/Image-3-1-scaled.jpg,1647,1647_Image-3-1-scaled.jpg,2560,1927,landscape,(no alt attr),,,,elementor-section elementor-top-section elementor-element elementor-element-4f3b1b96 elementor-section-full_width elementor-section-height-min-height elementor-section-stretched elementor-section-items-top elementor-section-height-default,
/meer-oor-ons/,elementor-settings,https://www.kruispadhazeldean.co.za/wp-content/uploads/2021/02/Image-2-1-scaled.jpg,1646,1646_Image-2-1-scaled.jpg,2560,1923,landscape,(no alt attr),,,,elementor-section elementor-top-section elementor-element elementor-element-4f3b1b96 elementor-section-full_width elementor-section-height-min-height elementor-section-stretched elementor-section-items-top elementor-section-height-default,
/meer-oor-ons/,elementor-settings,https://www.kruispadhazeldean.co.za/wp-content/uploads/2021/02/Image-1-1-scaled.jpg,1645,1645_Image-1-1-scaled.jpg,2560,1917,landscape,(no alt attr),,,,elementor-section elementor-top-section elementor-element elementor-element-4f3b1b96 elementor-section-full_width elementor-section-height-min-height elementor-section-stretched elementor-section-items-top elementor-section-height-default,
/meer-oor-ons/,elementor-settings,https://www.kruispadhazeldean.co.za/wp-content/uploads/2021/02/Berea-Cafe-Thumb-1-scaled.jpg,1644,1644_Berea-Cafe-Thumb-1-scaled.jpg,2560,1920,landscape,(no alt attr),,,,elementor-section elementor-top-section elementor-element elementor-element-4f3b1b96 elementor-section-full_width elementor-section-height-min-height elementor-section-stretched elementor-section-items-top elementor-section-height-default,
/meer-oor-ons/,elementor-settings,https://www.kruispadhazeldean.co.za/wp-content/uploads/2021/02/Berea-Cafe-Static-1-scaled.jpg,1643,1643_Berea-Cafe-Static-1-scaled.jpg,2560,1898,landscape,(no alt attr),,,,elementor-section elementor-top-section elementor-element elementor-element-4f3b1b96 elementor-section-full_width elementor-section-height-min-height elementor-section-stretched elementor-section-items-top elementor-section-height-default,
/,img,https://www.kruispadhazeldean.co.za/wp-content/uploads/2025/09/cropped-KRUISPAD-66-scaled-1.jpg,3568,3568_cropped-KRUISPAD-66-scaled-1.jpg,2000,552,landscape,,,2000,552,,wp-custom-header
/,img,https://www.kruispadhazeldean.co.za/wp-content/uploads/2025/09/cropped-Kruispad_Logo_Oranje.jpg,3564,3564_cropped-Kruispad_Logo_Oranje.jpg,250,250,square,Kruispad Hazeldean Gemeente,,250,250,custom-logo,custom-logo-link
/,img,https://www.kruispadhazeldean.co.za/wp-content/uploads/2025/09/Copy-of-Skyfie-voorblad.png,,,,,,,,1024,1024,attachment-full size-full wp-image-3415,
/,img,https://www.kruispadhazeldean.co.za/wp-content/uploads/2025/09/Copy-of-Copy-of-Copy-of-Cafe-Berea-vakansie-1.png,,,,,,,,1080,1080,attachment-full size-full wp-image-3414,elementor-widget-container
/,img,https://www.kruispadhazeldean.co.za/wp-content/uploads/2021/02/ed5345e-897b-42.jpg,2109,2109_ed5345e-897b-42.jpg,1280,754,landscape,,,1280,754,attachment-1536x1536 size-1536x1536 wp-image-2109,
/,elementor-settings,https://www.kruispadhazeldean.co.za/wp-content/uploads/2025/09/KPmoments-49-scaled.jpg,3638,3638_KPmoments-49-scaled.jpg,1707,2560,portrait,(no alt attr),,,,elementor-column elementor-col-100 elementor-top-column elementor-element elementor-element-29f6cc8 elementor-hidden-mobile,
/,elementor-settings,https://www.kruispadhazeldean.co.za/wp-content/uploads/2025/09/KPmoments-33-scaled.jpg,3637,3637_KPmoments-33-scaled.jpg,2560,1707,landscape,(no alt attr),,,,elementor-column elementor-col-100 elementor-top-column elementor-element elementor-element-29f6cc8 elementor-hidden-mobile,
/,elementor-settings,https://www.kruispadhazeldean.co.za/wp-content/uploads/2025/09/KPmoments-26-1-scaled.jpg,3636,3636_KPmoments-26-1-scaled.jpg,2560,1707,landscape,(no alt attr),,,,elementor-column elementor-col-100 elementor-top-column elementor-element elementor-element-29f6cc8 elementor-hidden-mobile,
/,elementor-settings,https://www.kruispadhazeldean.co.za/wp-content/uploads/2025/09/KPmoments-18-scaled.jpg,3635,3635_KPmoments-18-scaled.jpg,2560,1707,landscape,(no alt attr),,,,elementor-column elementor-col-100 elementor-top-column elementor-element elementor-element-29f6cc8 elementor-hidden-mobile,
/,elementor-settings,https://www.kruispadhazeldean.co.za/wp-content/uploads/2025/09/KPmoments-8-scaled.jpg,3633,3633_KPmoments-8-scaled.jpg,1707,2560,portrait,(no alt attr),,,,elementor-column elementor-col-100 elementor-top-column elementor-element elementor-element-29f6cc8 elementor-hidden-mobile,
/,elementor-settings,https://www.kruispadhazeldean.co.za/wp-content/uploads/2025/09/KPmoments-3-scaled.jpg,3631,3631_KPmoments-3-scaled.jpg,1706,2560,portrait,(no alt attr),,,,elementor-column elementor-col-100 elementor-top-column elementor-element elementor-element-29f6cc8 elementor-hidden-mobile,
/,elementor-settings,https://www.kruispadhazeldean.co.za/wp-content/uploads/2025/09/KPmoments-49-scaled.jpg,3638,3638_KPmoments-49-scaled.jpg,1707,2560,portrait,(no alt attr),,,,elementor-column elementor-col-100 elementor-top-column elementor-element elementor-element-93e01e1 elementor-hidden-desktop,
/,elementor-settings,https://www.kruispadhazeldean.co.za/wp-content/uploads/2025/09/KPmoments-33-scaled.jpg,3637,3637_KPmoments-33-scaled.jpg,2560,1707,landscape,(no alt attr),,,,elementor-column elementor-col-100 elementor-top-column elementor-element elementor-element-93e01e1 elementor-hidden-desktop,
/,elementor-settings,https://www.kruispadhazeldean.co.za/wp-content/uploads/2025/09/KPmoments-26-1-scaled.jpg,3636,3636_KPmoments-26-1-scaled.jpg,2560,1707,landscape,(no alt attr),,,,elementor-column elementor-col-100 elementor-top-column elementor-element elementor-element-93e01e1 elementor-hidden-desktop,
/,elementor-settings,https://www.kruispadhazeldean.co.za/wp-content/uploads/2025/09/KPmoments-18-scaled.jpg,3635,3635_KPmoments-18-scaled.jpg,2560,1707,landscape,(no alt attr),,,,elementor-column elementor-col-100 elementor-top-column elementor-element elementor-element-93e01e1 elementor-hidden-desktop,
/,elementor-settings,https://www.kruispadhazeldean.co.za/wp-content/uploads/2025/09/KPmoments-8-scaled.jpg,3633,3633_KPmoments-8-scaled.jpg,1707,2560,portrait,(no alt attr),,,,elementor-column elementor-col-100 elementor-top-column elementor-element elementor-element-93e01e1 elementor-hidden-desktop,
/,elementor-settings,https://www.kruispadhazeldean.co.za/wp-content/uploads/2025/09/KPmoments-3-scaled.jpg,3631,3631_KPmoments-3-scaled.jpg,1706,2560,portrait,(no alt attr),,,,elementor-column elementor-col-100 elementor-top-column elementor-element elementor-element-93e01e1 elementor-hidden-desktop,
/meer-oor-ons/droom-van-kruispad/,img,https://www.kruispadhazeldean.co.za/wp-content/uploads/2025/09/cropped-KRUISPAD-66-scaled-1.jpg,3568,3568_cropped-KRUISPAD-66-scaled-1.jpg,2000,552,landscape,,,2000,552,,wp-custom-header
/meer-oor-ons/droom-van-kruispad/,img,https://www.kruispadhazeldean.co.za/wp-content/uploads/2025/09/cropped-Kruispad_Logo_Oranje.jpg,3564,3564_cropped-Kruispad_Logo_Oranje.jpg,250,250,square,Kruispad Hazeldean Gemeente,,250,250,custom-logo,custom-logo-link
/home/kontak-ons/,img,https://www.kruispadhazeldean.co.za/wp-content/uploads/2025/09/cropped-KRUISPAD-66-scaled-1.jpg,3568,3568_cropped-KRUISPAD-66-scaled-1.jpg,2000,552,landscape,,,2000,552,,wp-custom-header
/home/kontak-ons/,img,https://www.kruispadhazeldean.co.za/wp-content/uploads/2025/09/cropped-Kruispad_Logo_Oranje.jpg,3564,3564_cropped-Kruispad_Logo_Oranje.jpg,250,250,square,Kruispad Hazeldean Gemeente,,250,250,custom-logo,custom-logo-link
/home/kontak-ons/,img,https://www.kruispadhazeldean.co.za/wp-content/uploads/2025/09/KPmoments-4-1-150x150.jpg,3810,3810_KPmoments-4-1-scaled.jpg,1707,2560,portrait,KPmoments-4,,,,swiper-slide-image,swiper-slide-inner
/home/kontak-ons/,img,https://www.kruispadhazeldean.co.za/wp-content/uploads/2025/09/KPmoments-2-150x150.jpg,3808,3808_KPmoments-2.jpg,960,1280,portrait,KPmoments,,,,swiper-slide-image,swiper-slide-inner
/home/kontak-ons/,img,https://www.kruispadhazeldean.co.za/wp-content/uploads/2025/09/KPmoments-49-150x150.jpg,3638,3638_KPmoments-49-scaled.jpg,1707,2560,portrait,KPmoments-49,,,,swiper-slide-image,swiper-slide-inner
/home/kontak-ons/,img,https://www.kruispadhazeldean.co.za/wp-content/uploads/2021/02/Tijger_2_699x247.jpg,2368,2368_Tijger_2_699x247.jpg,699,247,landscape,,,525,186,attachment-large size-large wp-image-2368,elementor-widget-container
/home/kontak-ons/,img,https://www.kruispadhazeldean.co.za/wp-content/uploads/2021/02/LANDINGPAGECURROHAZELDEAN.fw_-1.png,2369,2369_LANDINGPAGECURROHAZELDEAN.fw_-1.png,699,247,landscape,,,525,186,attachment-large size-large wp-image-2369,elementor-widget-container
/dien/,img,https://www.kruispadhazeldean.co.za/wp-content/uploads/2025/09/cropped-KRUISPAD-66-scaled-1.jpg,3568,3568_cropped-KRUISPAD-66-scaled-1.jpg,2000,552,landscape,,,2000,552,,wp-custom-header
/dien/,img,https://www.kruispadhazeldean.co.za/wp-content/uploads/2025/09/cropped-Kruispad_Logo_Oranje.jpg,3564,3564_cropped-Kruispad_Logo_Oranje.jpg,250,250,square,Kruispad Hazeldean Gemeente,,250,250,custom-logo,custom-logo-link
/home/kruispad-erediens/,img,https://www.kruispadhazeldean.co.za/wp-content/uploads/2025/09/cropped-KRUISPAD-66-scaled-1.jpg,3568,3568_cropped-KRUISPAD-66-scaled-1.jpg,2000,552,landscape,,,2000,552,,wp-custom-header
/home/kruispad-erediens/,img,https://www.kruispadhazeldean.co.za/wp-content/uploads/2025/09/cropped-Kruispad_Logo_Oranje.jpg,3564,3564_cropped-Kruispad_Logo_Oranje.jpg,250,250,square,Kruispad Hazeldean Gemeente,,250,250,custom-logo,custom-logo-link
/home/kruispad-erediens/,elementor-settings,https://www.kruispadhazeldean.co.za/wp-content/uploads/2025/09/KPmoments-49-scaled.jpg,3638,3638_KPmoments-49-scaled.jpg,1707,2560,portrait,(no alt attr),,,,elementor-column elementor-col-100 elementor-top-column elementor-element elementor-element-4317d871,
/home/kruispad-erediens/,elementor-settings,https://www.kruispadhazeldean.co.za/wp-content/uploads/2025/09/KPmoments-33-scaled.jpg,3637,3637_KPmoments-33-scaled.jpg,2560,1707,landscape,(no alt attr),,,,elementor-column elementor-col-100 elementor-top-column elementor-element elementor-element-4317d871,
/home/kruispad-erediens/,elementor-settings,https://www.kruispadhazeldean.co.za/wp-content/uploads/2025/09/KPmoments-26-1-scaled.jpg,3636,3636_KPmoments-26-1-scaled.jpg,2560,1707,landscape,(no alt attr),,,,elementor-column elementor-col-100 elementor-top-column elementor-element elementor-element-4317d871,
/home/kruispad-erediens/,elementor-settings,https://www.kruispadhazeldean.co.za/wp-content/uploads/2025/09/KPmoments-18-scaled.jpg,3635,3635_KPmoments-18-scaled.jpg,2560,1707,landscape,(no alt attr),,,,elementor-column elementor-col-100 elementor-top-column elementor-element elementor-element-4317d871,
/home/kruispad-erediens/,elementor-settings,https://www.kruispadhazeldean.co.za/wp-content/uploads/2025/09/KPmoments-8-scaled.jpg,3633,3633_KPmoments-8-scaled.jpg,1707,2560,portrait,(no alt attr),,,,elementor-column elementor-col-100 elementor-top-column elementor-element elementor-element-4317d871,
/home/kruispad-erediens/,elementor-settings,https://www.kruispadhazeldean.co.za/wp-content/uploads/2025/09/KPmoments-3-scaled.jpg,3631,3631_KPmoments-3-scaled.jpg,1706,2560,portrait,(no alt attr),,,,elementor-column elementor-col-100 elementor-top-column elementor-element elementor-element-4317d871,
/home/kruispad-erediens/,elementor-settings,https://www.kruispadhazeldean.co.za/wp-content/uploads/2025/09/KPmoments-49-scaled.jpg,3638,3638_KPmoments-49-scaled.jpg,1707,2560,portrait,(no alt attr),,,,elementor-column elementor-col-100 elementor-top-column elementor-element elementor-element-ff101cb,
/home/kruispad-erediens/,elementor-settings,https://www.kruispadhazeldean.co.za/wp-content/uploads/2025/09/KPmoments-33-scaled.jpg,3637,3637_KPmoments-33-scaled.jpg,2560,1707,landscape,(no alt attr),,,,elementor-column elementor-col-100 elementor-top-column elementor-element elementor-element-ff101cb,
/home/kruispad-erediens/,elementor-settings,https://www.kruispadhazeldean.co.za/wp-content/uploads/2025/09/KPmoments-26-1-scaled.jpg,3636,3636_KPmoments-26-1-scaled.jpg,2560,1707,landscape,(no alt attr),,,,elementor-column elementor-col-100 elementor-top-column elementor-element elementor-element-ff101cb,
/home/kruispad-erediens/,elementor-settings,https://www.kruispadhazeldean.co.za/wp-content/uploads/2025/09/KPmoments-18-scaled.jpg,3635,3635_KPmoments-18-scaled.jpg,2560,1707,landscape,(no alt attr),,,,elementor-column elementor-col-100 elementor-top-column elementor-element elementor-element-ff101cb,
/home/kruispad-erediens/,elementor-settings,https://www.kruispadhazeldean.co.za/wp-content/uploads/2025/09/KPmoments-8-scaled.jpg,3633,3633_KPmoments-8-scaled.jpg,1707,2560,portrait,(no alt attr),,,,elementor-column elementor-col-100 elementor-top-column elementor-element elementor-element-ff101cb,
/home/kruispad-erediens/,elementor-settings,https://www.kruispadhazeldean.co.za/wp-content/uploads/2025/09/KPmoments-3-scaled.jpg,3631,3631_KPmoments-3-scaled.jpg,1706,2560,portrait,(no alt attr),,,,elementor-column elementor-col-100 elementor-top-column elementor-element elementor-element-ff101cb,
/preke-en-media/fred-suzi/,img,https://www.kruispadhazeldean.co.za/wp-content/uploads/2025/09/cropped-KRUISPAD-66-scaled-1.jpg,3568,3568_cropped-KRUISPAD-66-scaled-1.jpg,2000,552,landscape,,,2000,552,,wp-custom-header
/preke-en-media/fred-suzi/,img,https://www.kruispadhazeldean.co.za/wp-content/uploads/2025/09/cropped-Kruispad_Logo_Oranje.jpg,3564,3564_cropped-Kruispad_Logo_Oranje.jpg,250,250,square,Kruispad Hazeldean Gemeente,,250,250,custom-logo,custom-logo-link
/preke-en-media/fred-suzi/,img,https://www.kruispadhazeldean.co.za/wp-content/uploads/2021/03/55e42d88-5b83-4d0a-af37-1150a44727b1-768x447.jpg,2553,2553_55e42d88-5b83-4d0a-af37-1150a44727b1.jpg,1280,745,landscape,,,525,306,attachment-medium_large size-medium_large wp-image-2553,elementor-widget-container
/preke-en-media/fred-suzi/,img,https://www.kruispadhazeldean.co.za/wp-content/uploads/2021/03/55e42d88-5b83-4d0a-af37-1150a44727b1-768x447.jpg,2553,2553_55e42d88-5b83-4d0a-af37-1150a44727b1.jpg,1280,745,landscape,,,525,306,attachment-medium_large size-medium_large wp-image-2553,elementor-widget-container
/preke-en-media/fred-suzi/,img,https://www.kruispadhazeldean.co.za/wp-content/uploads/2025/09/KRUISPAD-29-scaled-e1756886692751-300x247.jpg,3486,3486_KRUISPAD-29-scaled-e1756886692751.jpg,1707,1408,landscape,,,300,247,aligncenter wp-image-3486 size-medium,
/cafe-berea/,img,https://www.kruispadhazeldean.co.za/wp-content/uploads/2025/09/cropped-KRUISPAD-66-scaled-1.jpg,3568,3568_cropped-KRUISPAD-66-scaled-1.jpg,2000,552,landscape,,,2000,552,,wp-custom-header
/cafe-berea/,img,https://www.kruispadhazeldean.co.za/wp-content/uploads/2025/09/cropped-Kruispad_Logo_Oranje.jpg,3564,3564_cropped-Kruispad_Logo_Oranje.jpg,250,250,square,Kruispad Hazeldean Gemeente,,250,250,custom-logo,custom-logo-link
/cafe-berea/,img,https://www.kruispadhazeldean.co.za/wp-content/uploads/2025/09/KPSTAFF-3-scaled-e1756884934460-300x300.jpg,3429,3429_KPSTAFF-3-scaled-e1756884934460.jpg,1673,1673,square,,,300,300,,
/preke-en-media/preke/,img,https://www.kruispadhazeldean.co.za/wp-content/uploads/2025/09/cropped-KRUISPAD-66-scaled-1.jpg,3568,3568_cropped-KRUISPAD-66-scaled-1.jpg,2000,552,landscape,,,2000,552,,wp-custom-header
/preke-en-media/preke/,img,https://www.kruispadhazeldean.co.za/wp-content/uploads/2025/09/cropped-Kruispad_Logo_Oranje.jpg,3564,3564_cropped-Kruispad_Logo_Oranje.jpg,250,250,square,Kruispad Hazeldean Gemeente,,250,250,custom-logo,custom-logo-link
/preke-en-media/preke/,img,https://www.kruispadhazeldean.co.za/wp-content/uploads/2026/09/mobile_874723-99-300x300.avif,4116,4116_mobile_874723-99.avif,740,740,square,,,300,300,attachment-medium size-medium wp-image-4116,
/preke-en-media/preke/,img,https://www.kruispadhazeldean.co.za/wp-content/uploads/2021/02/youtube-1024x576.jpg,2276,2276_youtube.jpg,1200,675,landscape,,,525,295,attachment-large size-large wp-image-2276,
/groepe/,img,https://www.kruispadhazeldean.co.za/wp-content/uploads/2025/09/cropped-KRUISPAD-66-scaled-1.jpg,3568,3568_cropped-KRUISPAD-66-scaled-1.jpg,2000,552,landscape,,,2000,552,,wp-custom-header
/groepe/,img,https://www.kruispadhazeldean.co.za/wp-content/uploads/2025/09/cropped-Kruispad_Logo_Oranje.jpg,3564,3564_cropped-Kruispad_Logo_Oranje.jpg,250,250,square,Kruispad Hazeldean Gemeente,,250,250,custom-logo,custom-logo-link
/groepe/,img,https://www.kruispadhazeldean.co.za/wp-content/uploads/2025/09/Black-Yellow-Modern-Young-Creative-Podcast-Instagram-Post.png,3861,3861_Black-Yellow-Modern-Young-Creative-Podcast-Instagram-Post.png,1080,1080,square,,,1080,1080,attachment-2048x2048 size-2048x2048 wp-image-3861,elementor-widget-container
/groepe/,img,https://www.kruispadhazeldean.co.za/wp-content/uploads/2025/09/Green-Organic-Tea-Its-time-for-Tea-Your-Story-768x644.png,3876,3876_Green-Organic-Tea-Its-time-for-Tea-Your-Story.png,940,788,landscape,,,525,440,attachment-medium_large size-medium_large wp-image-3876,elementor-widget-container
/meer-oor-ons/span/,img,https://www.kruispadhazeldean.co.za/wp-content/uploads/2025/09/cropped-KRUISPAD-66-scaled-1.jpg,3568,3568_cropped-KRUISPAD-66-scaled-1.jpg,2000,552,landscape,,,2000,552,,wp-custom-header
/meer-oor-ons/span/,img,https://www.kruispadhazeldean.co.za/wp-content/uploads/2025/09/cropped-Kruispad_Logo_Oranje.jpg,3564,3564_cropped-Kruispad_Logo_Oranje.jpg,250,250,square,Kruispad Hazeldean Gemeente,,250,250,custom-logo,custom-logo-link
/meer-oor-ons/span/,img,https://www.kruispadhazeldean.co.za/wp-content/uploads/elementor/thumbs/KPSTAFF-6-scaled-rb7cah8350dx0f3aldb1fr5rg0lqx09th8e466bohk.jpg,,,,,,KPSTAFF-6,,,,elementor-animation-bob,elementor-image-box-img
/meer-oor-ons/span/,img,https://www.kruispadhazeldean.co.za/wp-content/uploads/elementor/thumbs/7a09c0d2-65c7-4f92-bd32-8f43a01f214d-p38f4ux0a8xdppbdpb8xfpdmyczx7xvd1t6sl08ed4.jpg,,,,,,7a09c0d2-65c7-4f92-bd32-8f43a01f214d,,,,elementor-animation-bob,elementor-image-box-img
/meer-oor-ons/span/,img,https://www.kruispadhazeldean.co.za/wp-content/uploads/elementor/thumbs/KPSTAFF-4-scaled-rb7cg80kwk8zymqx1uoyoaz64sahyf2rlnwxr1t2go.jpg,,,,,,KPSTAFF-4,,,,elementor-animation-bob,elementor-image-box-img
/meer-oor-ons/span/,img,https://www.kruispadhazeldean.co.za/wp-content/uploads/elementor/thumbs/KPSTAFF-8-scaled-rb7cd0efjxuqaleusypunm5h2e4cnnbs5ro7q0khq0.jpg,,,,,,KPSTAFF-8,,,,elementor-animation-bob,elementor-image-box-img
/groepe/organisasies/,img,https://www.kruispadhazeldean.co.za/wp-content/uploads/2025/09/cropped-KRUISPAD-66-scaled-1.jpg,3568,3568_cropped-KRUISPAD-66-scaled-1.jpg,2000,552,landscape,,,2000,552,,wp-custom-header
/groepe/organisasies/,img,https://www.kruispadhazeldean.co.za/wp-content/uploads/2025/09/cropped-Kruispad_Logo_Oranje.jpg,3564,3564_cropped-Kruispad_Logo_Oranje.jpg,250,250,square,Kruispad Hazeldean Gemeente,,250,250,custom-logo,custom-logo-link
/groepe/organisasies/,img,https://www.kruispadhazeldean.co.za/wp-content/uploads/2021/02/Untitled-768x438.jpg,2391,2391_Untitled.jpg,1296,739,landscape,,,525,299,attachment-medium_large size-medium_large wp-image-2391,
/groepe/organisasies/,img,https://www.kruispadhazeldean.co.za/wp-content/uploads/2021/02/13517638_632220273599094_1745208745569365393_o-1-768x569.jpg,2392,2392_13517638_632220273599094_1745208745569365393_o-1.jpg,1215,900,landscape,,,525,389,attachment-medium_large size-medium_large wp-image-2392,
/dien/elios/,img,https://www.kruispadhazeldean.co.za/wp-content/uploads/2025/09/cropped-KRUISPAD-66-scaled-1.jpg,3568,3568_cropped-KRUISPAD-66-scaled-1.jpg,2000,552,landscape,,,2000,552,,wp-custom-header
/dien/elios/,img,https://www.kruispadhazeldean.co.za/wp-content/uploads/2025/09/cropped-Kruispad_Logo_Oranje.jpg,3564,3564_cropped-Kruispad_Logo_Oranje.jpg,250,250,square,Kruispad Hazeldean Gemeente,,250,250,custom-logo,custom-logo-link
/dien/elios/,img,https://www.kruispadhazeldean.co.za/wp-content/uploads/2021/02/Untitled_Complete.jpg,2402,2402_Untitled_Complete.jpg,696,203,landscape,,,696,203,attachment-2048x2048 size-2048x2048 wp-image-2402,elementor-widget-container
/dien/kairos/,img,https://www.kruispadhazeldean.co.za/wp-content/uploads/2025/09/cropped-KRUISPAD-66-scaled-1.jpg,3568,3568_cropped-KRUISPAD-66-scaled-1.jpg,2000,552,landscape,,,2000,552,,wp-custom-header
/dien/kairos/,img,https://www.kruispadhazeldean.co.za/wp-content/uploads/2025/09/cropped-Kruispad_Logo_Oranje.jpg,3564,3564_cropped-Kruispad_Logo_Oranje.jpg,250,250,square,Kruispad Hazeldean Gemeente,,250,250,custom-logo,custom-logo-link
/odos-kidz/,img,https://www.kruispadhazeldean.co.za/wp-content/uploads/2025/09/cropped-KRUISPAD-66-scaled-1.jpg,3568,3568_cropped-KRUISPAD-66-scaled-1.jpg,2000,552,landscape,,,2000,552,,wp-custom-header
/odos-kidz/,img,https://www.kruispadhazeldean.co.za/wp-content/uploads/2025/09/cropped-Kruispad_Logo_Oranje.jpg,3564,3564_cropped-Kruispad_Logo_Oranje.jpg,250,250,square,Kruispad Hazeldean Gemeente,,250,250,custom-logo,custom-logo-link
/odos-kidz/,img,https://www.kruispadhazeldean.co.za/wp-content/uploads/2021/02/Odos-Kidz-Thumb-1-scaled.jpg,1813,1813_Odos-Kidz-Thumb-1-scaled.jpg,2560,1919,landscape,,,2560,1919,attachment-full size-full wp-image-1813,
/odos-kidz/,img,https://www.kruispadhazeldean.co.za/wp-content/uploads/2021/02/Untitled001-1.png,1639,1639_Untitled001-1.png,218,295,portrait,,,218,295,attachment-full size-full wp-image-1639,
/odos-kidz/,img,https://www.kruispadhazeldean.co.za/wp-content/uploads/2021/02/Odos-2.jpg,1696,1696_Odos-2.jpg,222,295,portrait,,,222,295,attachment-full size-full wp-image-1696,
/odos-kidz/,img,https://www.kruispadhazeldean.co.za/wp-content/uploads/2021/02/Odos-3.jpg,1700,1700_Odos-3.jpg,222,295,portrait,,,222,295,attachment-full size-full wp-image-1700,
/odos-kidz/,img,https://www.kruispadhazeldean.co.za/wp-content/uploads/2021/02/Odos-4.png,1704,1704_Odos-4.png,218,295,portrait,,,218,295,attachment-full size-full wp-image-1704,
/odos-kidz/,img,https://www.kruispadhazeldean.co.za/wp-content/uploads/2021/02/Odos-5.png,1705,1705_Odos-5.png,222,295,portrait,,,222,295,attachment-full size-full wp-image-1705,
/odos-kidz/,img,https://www.kruispadhazeldean.co.za/wp-content/uploads/2021/02/Odos-6.png,1709,1709_Odos-6.png,222,295,portrait,,,222,295,attachment-full size-full wp-image-1709,
/odos-kidz/,img,https://www.kruispadhazeldean.co.za/wp-content/uploads/2021/02/Odos-7.jpg,1711,1711_Odos-7.jpg,222,295,portrait,,,222,295,attachment-full size-full wp-image-1711,
/odos-kidz/,img,https://www.kruispadhazeldean.co.za/wp-content/uploads/2021/02/Odos-8.png,1712,1712_Odos-8.png,222,295,portrait,,,222,295,attachment-full size-full wp-image-1712,
/odos-kidz/,img,https://www.kruispadhazeldean.co.za/wp-content/uploads/2021/02/Odos-9.jpg,1716,1716_Odos-9.jpg,222,295,portrait,,,222,295,attachment-full size-full wp-image-1716,
/odos-kidz/,img,https://www.kruispadhazeldean.co.za/wp-content/uploads/2021/02/Odos-10.jpg,1720,1720_Odos-10.jpg,222,295,portrait,,,222,295,attachment-full size-full wp-image-1720,elementor-widget-container
/home/bydraes/,img,https://www.kruispadhazeldean.co.za/wp-content/uploads/2025/09/cropped-KRUISPAD-66-scaled-1.jpg,3568,3568_cropped-KRUISPAD-66-scaled-1.jpg,2000,552,landscape,,,2000,552,,wp-custom-header
/home/bydraes/,img,https://www.kruispadhazeldean.co.za/wp-content/uploads/2025/09/cropped-Kruispad_Logo_Oranje.jpg,3564,3564_cropped-Kruispad_Logo_Oranje.jpg,250,250,square,Kruispad Hazeldean Gemeente,,250,250,custom-logo,custom-logo-link
/home/bydraes/,img,https://www.kruispadhazeldean.co.za/wp-content/uploads/2021/02/a1706e85-8793-4202-bbd3-b4d54d013249.jpg,2018,2018_a1706e85-8793-4202-bbd3-b4d54d013249.jpg,955,860,landscape,,,955,860,attachment-large size-large wp-image-2018,elementor-widget-container
/home/bydraes/,elementor-settings,https://www.kruispadhazeldean.co.za/wp-content/uploads/2021/04/Image-11-1-scaled.jpg,2870,2870_Image-11-1-scaled.jpg,2560,1172,landscape,(no alt attr),,,,elementor-section elementor-top-section elementor-element elementor-element-138381b8 elementor-section-full_width elementor-section-stretched elementor-hidden-mobile elementor-section-height-default elementor-section-height-default,
/home/bydraes/,elementor-settings,https://www.kruispadhazeldean.co.za/wp-content/uploads/2021/04/Image-9-1-scaled.jpg,2869,2869_Image-9-1-scaled.jpg,2560,1318,landscape,(no alt attr),,,,elementor-section elementor-top-section elementor-element elementor-element-138381b8 elementor-section-full_width elementor-section-stretched elementor-hidden-mobile elementor-section-height-default elementor-section-height-default,
/home/bydraes/,elementor-settings,https://www.kruispadhazeldean.co.za/wp-content/uploads/2021/04/Image-7-1-scaled.jpg,2868,2868_Image-7-1-scaled.jpg,2560,1229,landscape,(no alt attr),,,,elementor-section elementor-top-section elementor-element elementor-element-138381b8 elementor-section-full_width elementor-section-stretched elementor-hidden-mobile elementor-section-height-default elementor-section-height-default,
/home/bydraes/,elementor-settings,https://www.kruispadhazeldean.co.za/wp-content/uploads/2021/04/Image-6-1-scaled.jpg,2867,2867_Image-6-1-scaled.jpg,2560,1316,landscape,(no alt attr),,,,elementor-section elementor-top-section elementor-element elementor-element-138381b8 elementor-section-full_width elementor-section-stretched elementor-hidden-mobile elementor-section-height-default elementor-section-height-default,
/home/bydraes/,elementor-settings,https://www.kruispadhazeldean.co.za/wp-content/uploads/2021/04/Image-5-1-scaled.jpg,2866,2866_Image-5-1-scaled.jpg,2560,1163,landscape,(no alt attr),,,,elementor-section elementor-top-section elementor-element elementor-element-138381b8 elementor-section-full_width elementor-section-stretched elementor-hidden-mobile elementor-section-height-default elementor-section-height-default,
/home/bydraes/,elementor-settings,https://www.kruispadhazeldean.co.za/wp-content/uploads/2021/04/Image-2-1-scaled.jpg,2865,2865_Image-2-1-scaled.jpg,2560,1319,landscape,(no alt attr),,,,elementor-section elementor-top-section elementor-element elementor-element-138381b8 elementor-section-full_width elementor-section-stretched elementor-hidden-mobile elementor-section-height-default elementor-section-height-default,
/home/bydraes/,elementor-settings,https://www.kruispadhazeldean.co.za/wp-content/uploads/2021/04/Image-11-1-scaled.jpg,2870,2870_Image-11-1-scaled.jpg,2560,1172,landscape,(no alt attr),,,,elementor-section elementor-top-section elementor-element elementor-element-c15381a elementor-section-full_width elementor-section-stretched elementor-hidden-desktop elementor-hidden-tablet elementor-section-height-default elementor-section-height-default,
/home/bydraes/,elementor-settings,https://www.kruispadhazeldean.co.za/wp-content/uploads/2021/04/Image-9-1-scaled.jpg,2869,2869_Image-9-1-scaled.jpg,2560,1318,landscape,(no alt attr),,,,elementor-section elementor-top-section elementor-element elementor-element-c15381a elementor-section-full_width elementor-section-stretched elementor-hidden-desktop elementor-hidden-tablet elementor-section-height-default elementor-section-height-default,
/home/bydraes/,elementor-settings,https://www.kruispadhazeldean.co.za/wp-content/uploads/2021/04/Image-7-1-scaled.jpg,2868,2868_Image-7-1-scaled.jpg,2560,1229,landscape,(no alt attr),,,,elementor-section elementor-top-section elementor-element elementor-element-c15381a elementor-section-full_width elementor-section-stretched elementor-hidden-desktop elementor-hidden-tablet elementor-section-height-default elementor-section-height-default,
/home/bydraes/,elementor-settings,https://www.kruispadhazeldean.co.za/wp-content/uploads/2021/04/Image-6-1-scaled.jpg,2867,2867_Image-6-1-scaled.jpg,2560,1316,landscape,(no alt attr),,,,elementor-section elementor-top-section elementor-element elementor-element-c15381a elementor-section-full_width elementor-section-stretched elementor-hidden-desktop elementor-hidden-tablet elementor-section-height-default elementor-section-height-default,
/home/bydraes/,elementor-settings,https://www.kruispadhazeldean.co.za/wp-content/uploads/2021/04/Image-5-1-scaled.jpg,2866,2866_Image-5-1-scaled.jpg,2560,1163,landscape,(no alt attr),,,,elementor-section elementor-top-section elementor-element elementor-element-c15381a elementor-section-full_width elementor-section-stretched elementor-hidden-desktop elementor-hidden-tablet elementor-section-height-default elementor-section-height-default,
/home/bydraes/,elementor-settings,https://www.kruispadhazeldean.co.za/wp-content/uploads/2021/04/Image-2-1-scaled.jpg,2865,2865_Image-2-1-scaled.jpg,2560,1319,landscape,(no alt attr),,,,elementor-section elementor-top-section elementor-element elementor-element-c15381a elementor-section-full_width elementor-section-stretched elementor-hidden-desktop elementor-hidden-tablet elementor-section-height-default elementor-section-height-default,
/2026-kalender/,img,https://www.kruispadhazeldean.co.za/wp-content/uploads/2025/09/cropped-KRUISPAD-66-scaled-1.jpg,3568,3568_cropped-KRUISPAD-66-scaled-1.jpg,2000,552,landscape,,,2000,552,,wp-custom-header
/2026-kalender/,img,https://www.kruispadhazeldean.co.za/wp-content/uploads/2025/09/cropped-Kruispad_Logo_Oranje.jpg,3564,3564_cropped-Kruispad_Logo_Oranje.jpg,250,250,square,Kruispad Hazeldean Gemeente,,250,250,custom-logo,custom-logo-link
/category/uncategorized/,img,https://www.kruispadhazeldean.co.za/wp-content/uploads/2025/09/cropped-KRUISPAD-66-scaled-1.jpg,3568,3568_cropped-KRUISPAD-66-scaled-1.jpg,2000,552,landscape,,,2000,552,,wp-custom-header
/category/uncategorized/,img,https://www.kruispadhazeldean.co.za/wp-content/uploads/2025/09/cropped-Kruispad_Logo_Oranje.jpg,3564,3564_cropped-Kruispad_Logo_Oranje.jpg,250,250,square,Kruispad Hazeldean Gemeente,,250,250,custom-logo,custom-logo-link
/category/uncategorized/,img,https://www.kruispadhazeldean.co.za/wp-content/uploads/2020/09/rsz_17390621_1571347679559848_7813712227570444759_o-300x100.jpg,,,,,,,,300,100,size-medium wp-image-382 aligncenter,
/author/admin/,img,https://www.kruispadhazeldean.co.za/wp-content/uploads/2025/09/cropped-KRUISPAD-66-scaled-1.jpg,3568,3568_cropped-KRUISPAD-66-scaled-1.jpg,2000,552,landscape,,,2000,552,,wp-custom-header
/author/admin/,img,https://www.kruispadhazeldean.co.za/wp-content/uploads/2025/09/cropped-Kruispad_Logo_Oranje.jpg,3564,3564_cropped-Kruispad_Logo_Oranje.jpg,250,250,square,Kruispad Hazeldean Gemeente,,250,250,custom-logo,custom-logo-link
/author/admin/,img,https://www.kruispadhazeldean.co.za/wp-content/uploads/2020/09/rsz_17390621_1571347679559848_7813712227570444759_o-300x100.jpg,,,,,,,,300,100,size-medium wp-image-382 aligncenter,
/preke-en-media/kruispad-erediens/,img,https://www.kruispadhazeldean.co.za/wp-content/uploads/2025/09/cropped-KRUISPAD-66-scaled-1.jpg,3568,3568_cropped-KRUISPAD-66-scaled-1.jpg,2000,552,landscape,,,2000,552,,wp-custom-header
/preke-en-media/kruispad-erediens/,img,https://www.kruispadhazeldean.co.za/wp-content/uploads/2025/09/cropped-Kruispad_Logo_Oranje.jpg,3564,3564_cropped-Kruispad_Logo_Oranje.jpg,250,250,square,Kruispad Hazeldean Gemeente,,250,250,custom-logo,custom-logo-link
/preke-en-media/kruispad-erediens/,elementor-settings,https://www.kruispadhazeldean.co.za/wp-content/uploads/2025/09/KPmoments-49-scaled.jpg,3638,3638_KPmoments-49-scaled.jpg,1707,2560,portrait,(no alt attr),,,,elementor-column elementor-col-100 elementor-top-column elementor-element elementor-element-4317d871,
/preke-en-media/kruispad-erediens/,elementor-settings,https://www.kruispadhazeldean.co.za/wp-content/uploads/2025/09/KPmoments-33-scaled.jpg,3637,3637_KPmoments-33-scaled.jpg,2560,1707,landscape,(no alt attr),,,,elementor-column elementor-col-100 elementor-top-column elementor-element elementor-element-4317d871,
/preke-en-media/kruispad-erediens/,elementor-settings,https://www.kruispadhazeldean.co.za/wp-content/uploads/2025/09/KPmoments-26-1-scaled.jpg,3636,3636_KPmoments-26-1-scaled.jpg,2560,1707,landscape,(no alt attr),,,,elementor-column elementor-col-100 elementor-top-column elementor-element elementor-element-4317d871,
/preke-en-media/kruispad-erediens/,elementor-settings,https://www.kruispadhazeldean.co.za/wp-content/uploads/2025/09/KPmoments-18-scaled.jpg,3635,3635_KPmoments-18-scaled.jpg,2560,1707,landscape,(no alt attr),,,,elementor-column elementor-col-100 elementor-top-column elementor-element elementor-element-4317d871,
/preke-en-media/kruispad-erediens/,elementor-settings,https://www.kruispadhazeldean.co.za/wp-content/uploads/2025/09/KPmoments-8-scaled.jpg,3633,3633_KPmoments-8-scaled.jpg,1707,2560,portrait,(no alt attr),,,,elementor-column elementor-col-100 elementor-top-column elementor-element elementor-element-4317d871,
/preke-en-media/kruispad-erediens/,elementor-settings,https://www.kruispadhazeldean.co.za/wp-content/uploads/2025/09/KPmoments-3-scaled.jpg,3631,3631_KPmoments-3-scaled.jpg,1706,2560,portrait,(no alt attr),,,,elementor-column elementor-col-100 elementor-top-column elementor-element elementor-element-4317d871,
/preke-en-media/kruispad-erediens/,elementor-settings,https://www.kruispadhazeldean.co.za/wp-content/uploads/2025/09/KPmoments-49-scaled.jpg,3638,3638_KPmoments-49-scaled.jpg,1707,2560,portrait,(no alt attr),,,,elementor-column elementor-col-100 elementor-top-column elementor-element elementor-element-ff101cb,
/preke-en-media/kruispad-erediens/,elementor-settings,https://www.kruispadhazeldean.co.za/wp-content/uploads/2025/09/KPmoments-33-scaled.jpg,3637,3637_KPmoments-33-scaled.jpg,2560,1707,landscape,(no alt attr),,,,elementor-column elementor-col-100 elementor-top-column elementor-element elementor-element-ff101cb,
/preke-en-media/kruispad-erediens/,elementor-settings,https://www.kruispadhazeldean.co.za/wp-content/uploads/2025/09/KPmoments-26-1-scaled.jpg,3636,3636_KPmoments-26-1-scaled.jpg,2560,1707,landscape,(no alt attr),,,,elementor-column elementor-col-100 elementor-top-column elementor-element elementor-element-ff101cb,
/preke-en-media/kruispad-erediens/,elementor-settings,https://www.kruispadhazeldean.co.za/wp-content/uploads/2025/09/KPmoments-18-scaled.jpg,3635,3635_KPmoments-18-scaled.jpg,2560,1707,landscape,(no alt attr),,,,elementor-column elementor-col-100 elementor-top-column elementor-element elementor-element-ff101cb,
/preke-en-media/kruispad-erediens/,elementor-settings,https://www.kruispadhazeldean.co.za/wp-content/uploads/2025/09/KPmoments-8-scaled.jpg,3633,3633_KPmoments-8-scaled.jpg,1707,2560,portrait,(no alt attr),,,,elementor-column elementor-col-100 elementor-top-column elementor-element elementor-element-ff101cb,
/preke-en-media/kruispad-erediens/,elementor-settings,https://www.kruispadhazeldean.co.za/wp-content/uploads/2025/09/KPmoments-3-scaled.jpg,3631,3631_KPmoments-3-scaled.jpg,1706,2560,portrait,(no alt attr),,,,elementor-column elementor-col-100 elementor-top-column elementor-element elementor-element-ff101cb,
/preke-en-media/cafe-berea/,img,https://www.kruispadhazeldean.co.za/wp-content/uploads/2025/09/cropped-KRUISPAD-66-scaled-1.jpg,3568,3568_cropped-KRUISPAD-66-scaled-1.jpg,2000,552,landscape,,,2000,552,,wp-custom-header
/preke-en-media/cafe-berea/,img,https://www.kruispadhazeldean.co.za/wp-content/uploads/2025/09/cropped-Kruispad_Logo_Oranje.jpg,3564,3564_cropped-Kruispad_Logo_Oranje.jpg,250,250,square,Kruispad Hazeldean Gemeente,,250,250,custom-logo,custom-logo-link
/preke-en-media/cafe-berea/,img,https://www.kruispadhazeldean.co.za/wp-content/uploads/2025/09/KPSTAFF-3-scaled-e1756884934460-300x300.jpg,3429,3429_KPSTAFF-3-scaled-e1756884934460.jpg,1673,1673,square,,,300,300,,
/home/odos-kidz/,img,https://www.kruispadhazeldean.co.za/wp-content/uploads/2025/09/cropped-KRUISPAD-66-scaled-1.jpg,3568,3568_cropped-KRUISPAD-66-scaled-1.jpg,2000,552,landscape,,,2000,552,,wp-custom-header
/home/odos-kidz/,img,https://www.kruispadhazeldean.co.za/wp-content/uploads/2025/09/cropped-Kruispad_Logo_Oranje.jpg,3564,3564_cropped-Kruispad_Logo_Oranje.jpg,250,250,square,Kruispad Hazeldean Gemeente,,250,250,custom-logo,custom-logo-link
/home/odos-kidz/,img,https://www.kruispadhazeldean.co.za/wp-content/uploads/2021/02/Odos-Kidz-Thumb-1-scaled.jpg,1813,1813_Odos-Kidz-Thumb-1-scaled.jpg,2560,1919,landscape,,,2560,1919,attachment-full size-full wp-image-1813,
/home/odos-kidz/,img,https://www.kruispadhazeldean.co.za/wp-content/uploads/2021/02/Untitled001-1.png,1639,1639_Untitled001-1.png,218,295,portrait,,,218,295,attachment-full size-full wp-image-1639,
/home/odos-kidz/,img,https://www.kruispadhazeldean.co.za/wp-content/uploads/2021/02/Odos-2.jpg,1696,1696_Odos-2.jpg,222,295,portrait,,,222,295,attachment-full size-full wp-image-1696,
/home/odos-kidz/,img,https://www.kruispadhazeldean.co.za/wp-content/uploads/2021/02/Odos-3.jpg,1700,1700_Odos-3.jpg,222,295,portrait,,,222,295,attachment-full size-full wp-image-1700,
/home/odos-kidz/,img,https://www.kruispadhazeldean.co.za/wp-content/uploads/2021/02/Odos-4.png,1704,1704_Odos-4.png,218,295,portrait,,,218,295,attachment-full size-full wp-image-1704,
/home/odos-kidz/,img,https://www.kruispadhazeldean.co.za/wp-content/uploads/2021/02/Odos-5.png,1705,1705_Odos-5.png,222,295,portrait,,,222,295,attachment-full size-full wp-image-1705,
/home/odos-kidz/,img,https://www.kruispadhazeldean.co.za/wp-content/uploads/2021/02/Odos-6.png,1709,1709_Odos-6.png,222,295,portrait,,,222,295,attachment-full size-full wp-image-1709,
/home/odos-kidz/,img,https://www.kruispadhazeldean.co.za/wp-content/uploads/2021/02/Odos-7.jpg,1711,1711_Odos-7.jpg,222,295,portrait,,,222,295,attachment-full size-full wp-image-1711,
/home/odos-kidz/,img,https://www.kruispadhazeldean.co.za/wp-content/uploads/2021/02/Odos-8.png,1712,1712_Odos-8.png,222,295,portrait,,,222,295,attachment-full size-full wp-image-1712,
/home/odos-kidz/,img,https://www.kruispadhazeldean.co.za/wp-content/uploads/2021/02/Odos-9.jpg,1716,1716_Odos-9.jpg,222,295,portrait,,,222,295,attachment-full size-full wp-image-1716,
/home/odos-kidz/,img,https://www.kruispadhazeldean.co.za/wp-content/uploads/2021/02/Odos-10.jpg,1720,1720_Odos-10.jpg,222,295,portrait,,,222,295,attachment-full size-full wp-image-1720,elementor-widget-container
/meer-oor-ons/organisasies/,img,https://www.kruispadhazeldean.co.za/wp-content/uploads/2025/09/cropped-KRUISPAD-66-scaled-1.jpg,3568,3568_cropped-KRUISPAD-66-scaled-1.jpg,2000,552,landscape,,,2000,552,,wp-custom-header
/meer-oor-ons/organisasies/,img,https://www.kruispadhazeldean.co.za/wp-content/uploads/2025/09/cropped-Kruispad_Logo_Oranje.jpg,3564,3564_cropped-Kruispad_Logo_Oranje.jpg,250,250,square,Kruispad Hazeldean Gemeente,,250,250,custom-logo,custom-logo-link
/meer-oor-ons/organisasies/,img,https://www.kruispadhazeldean.co.za/wp-content/uploads/2021/02/Untitled-768x438.jpg,2391,2391_Untitled.jpg,1296,739,landscape,,,525,299,attachment-medium_large size-medium_large wp-image-2391,
/meer-oor-ons/organisasies/,img,https://www.kruispadhazeldean.co.za/wp-content/uploads/2021/02/13517638_632220273599094_1745208745569365393_o-1-768x569.jpg,2392,2392_13517638_632220273599094_1745208745569365393_o-1.jpg,1215,900,landscape,,,525,389,attachment-medium_large size-medium_large wp-image-2392,
/2020/12/,img,https://www.kruispadhazeldean.co.za/wp-content/uploads/2025/09/cropped-KRUISPAD-66-scaled-1.jpg,3568,3568_cropped-KRUISPAD-66-scaled-1.jpg,2000,552,landscape,,,2000,552,,wp-custom-header
/2020/12/,img,https://www.kruispadhazeldean.co.za/wp-content/uploads/2025/09/cropped-Kruispad_Logo_Oranje.jpg,3564,3564_cropped-Kruispad_Logo_Oranje.jpg,250,250,square,Kruispad Hazeldean Gemeente,,250,250,custom-logo,custom-logo-link
/2020/12/,img,https://www.kruispadhazeldean.co.za/wp-content/uploads/2020/09/rsz_17390621_1571347679559848_7813712227570444759_o-300x100.jpg,,,,,,,,300,100,size-medium wp-image-382 aligncenter,
