route,viewport,kind,src,media_id,original,original_orientation,rendered_box,fit,position,pre_cropped_file,est_hidden_pct,risk,alt
/droom-vir-kruispad/,desktop,img,https://www.kruispadhazeldean.co.za/wp-content/uploads/2025/09/cropped-KRUISPAD-66-scaled-1-1536x424.jpg,3568,2000x552,landscape,1440x183,cover,50% 50%,,54,HIGH,
/droom-vir-kruispad/,desktop,img,https://www.kruispadhazeldean.co.za/wp-content/uploads/2025/09/cropped-Kruispad_Logo_Oranje.jpg,1450,589x436,landscape,80x80,fill,50% 50%,yes,26,MEDIUM,Kruispad Hazeldean Gemeente
/droom-vir-kruispad/,desktop,img,https://www.kruispadhazeldean.co.za/wp-content/uploads/2020/09/rsz_17390621_1571347679559848_7813712227570444759_o-300x100.jpg,,,,300x100,fill,50% 50%,,0,none,
/droom-vir-kruispad/,mobile,img,https://www.kruispadhazeldean.co.za/wp-content/uploads/2025/09/cropped-KRUISPAD-66-scaled-1-1024x283.jpg,3568,2000x552,landscape,390x199,cover,50% 50%,,46,MEDIUM,
/droom-vir-kruispad/,mobile,img,https://www.kruispadhazeldean.co.za/wp-content/uploads/2025/09/cropped-Kruispad_Logo_Oranje.jpg,1450,589x436,landscape,80x80,fill,50% 50%,yes,26,MEDIUM,Kruispad Hazeldean Gemeente
/droom-vir-kruispad/,mobile,img,https://www.kruispadhazeldean.co.za/wp-content/uploads/2020/09/rsz_17390621_1571347679559848_7813712227570444759_o-300x100.jpg,,,,300x100,fill,50% 50%,,0,none,
/meer-oor-ons/,desktop,img,https://www.kruispadhazeldean.co.za/wp-content/uploads/2025/09/cropped-KRUISPAD-66-scaled-1-1536x424.jpg,3568,2000x552,landscape,1440x183,cover,50% 50%,,54,HIGH,
/meer-oor-ons/,desktop,img,https://www.kruispadhazeldean.co.za/wp-content/uploads/2025/09/cropped-Kruispad_Logo_Oranje.jpg,1450,589x436,landscape,80x80,fill,50% 50%,yes,26,MEDIUM,Kruispad Hazeldean Gemeente
/meer-oor-ons/,desktop,img,https://www.kruispadhazeldean.co.za/wp-content/uploads/2021/04/5ea4eea885192-1-1536x823.jpg,2919,2560x1372,landscape,472x256,fill,50% 50%,,0,none,
/meer-oor-ons/,desktop,img,https://www.kruispadhazeldean.co.za/wp-content/uploads/2021/02/Berea-Cafe-Static-2-1536x1139.jpg,1853,2560x1898,landscape,463x345,fill,50% 50%,,0,none,
/meer-oor-ons/,desktop,background,https://www.kruispadhazeldean.co.za/wp-content/uploads/2021/02/Image-10-1-scaled.jpg,,,,1440x566,cover,50% 50%,,0,none,
/meer-oor-ons/,desktop,background,https://www.kruispadhazeldean.co.za/wp-content/uploads/2021/02/Image-9-1-scaled.jpg,1653,2560x1914,landscape,1440x566,cover,50% 50%,,47,MEDIUM,
/meer-oor-ons/,desktop,background,https://www.kruispadhazeldean.co.za/wp-content/uploads/2021/02/Image-8-1-scaled.jpg,1652,2560x1937,landscape,1440x566,cover,50% 50%,,48,MEDIUM,
/meer-oor-ons/,desktop,background,https://www.kruispadhazeldean.co.za/wp-content/uploads/2021/02/Image-7-1-scaled.jpg,1651,2560x1925,landscape,1440x566,cover,50% 50%,,48,MEDIUM,
/meer-oor-ons/,desktop,background,https://www.kruispadhazeldean.co.za/wp-content/uploads/2021/02/Image-6-1-scaled.jpg,1650,2560x1934,landscape,1440x566,cover,50% 50%,,48,MEDIUM,
/meer-oor-ons/,desktop,background,https://www.kruispadhazeldean.co.za/wp-content/uploads/2021/02/Image-5-1-scaled.jpg,1649,2560x1921,landscape,1440x566,cover,50% 50%,,48,MEDIUM,
/meer-oor-ons/,desktop,background,https://www.kruispadhazeldean.co.za/wp-content/uploads/2021/02/Image-4-1-scaled.jpg,,,,1440x566,cover,50% 50%,,0,none,
/meer-oor-ons/,desktop,background,https://www.kruispadhazeldean.co.za/wp-content/uploads/2021/02/Image-3-1-scaled.jpg,1647,2560x1927,landscape,1440x566,cover,50% 50%,,48,MEDIUM,
/meer-oor-ons/,desktop,background,https://www.kruispadhazeldean.co.za/wp-content/uploads/2021/02/Image-2-1-scaled.jpg,1646,2560x1923,landscape,1440x566,cover,50% 50%,,48,MEDIUM,
/meer-oor-ons/,desktop,background,https://www.kruispadhazeldean.co.za/wp-content/uploads/2021/02/Image-1-1-scaled.jpg,1645,2560x1917,landscape,1440x566,cover,50% 50%,,48,MEDIUM,
/meer-oor-ons/,desktop,background,https://www.kruispadhazeldean.co.za/wp-content/uploads/2021/02/Berea-Cafe-Thumb-1-scaled.jpg,1644,2560x1920,landscape,1440x566,cover,50% 50%,,48,MEDIUM,
/meer-oor-ons/,desktop,background,https://www.kruispadhazeldean.co.za/wp-content/uploads/2021/02/Berea-Cafe-Static-1-scaled.jpg,1643,2560x1898,landscape,1440x566,cover,50% 50%,,47,MEDIUM,
/meer-oor-ons/,desktop,background,https://www.kruispadhazeldean.co.za/wp-content/uploads/2021/02/Image-10-1-scaled.jpg,,,,1440x566,cover,50% 50%,,0,none,
/meer-oor-ons/,desktop,background,https://www.kruispadhazeldean.co.za/wp-content/uploads/2021/02/Image-9-1-scaled.jpg,1653,2560x1914,landscape,1440x566,cover,50% 50%,,47,MEDIUM,
/meer-oor-ons/,desktop,background,https://www.kruispadhazeldean.co.za/wp-content/uploads/2021/02/Image-8-1-scaled.jpg,1652,2560x1937,landscape,1440x566,cover,50% 50%,,48,MEDIUM,
/meer-oor-ons/,desktop,background,https://www.kruispadhazeldean.co.za/wp-content/uploads/2021/02/Image-7-1-scaled.jpg,1651,2560x1925,landscape,1440x566,cover,50% 50%,,48,MEDIUM,
/meer-oor-ons/,desktop,background,https://www.kruispadhazeldean.co.za/wp-content/uploads/2021/02/Image-6-1-scaled.jpg,1650,2560x1934,landscape,1440x566,cover,50% 50%,,48,MEDIUM,
/meer-oor-ons/,desktop,background,https://www.kruispadhazeldean.co.za/wp-content/uploads/2021/02/Image-5-1-scaled.jpg,1649,2560x1921,landscape,1440x566,cover,50% 50%,,48,MEDIUM,
/meer-oor-ons/,desktop,background,https://www.kruispadhazeldean.co.za/wp-content/uploads/2021/02/Image-4-1-scaled.jpg,,,,1440x566,cover,50% 50%,,0,none,
/meer-oor-ons/,desktop,background,https://www.kruispadhazeldean.co.za/wp-content/uploads/2021/02/Image-3-1-scaled.jpg,1647,2560x1927,landscape,1440x566,cover,50% 50%,,48,MEDIUM,
/meer-oor-ons/,desktop,background,https://www.kruispadhazeldean.co.za/wp-content/uploads/2021/02/Image-2-1-scaled.jpg,1646,2560x1923,landscape,1440x566,cover,50% 50%,,48,MEDIUM,
/meer-oor-ons/,desktop,background,https://www.kruispadhazeldean.co.za/wp-content/uploads/2021/02/Image-1-1-scaled.jpg,1645,2560x1917,landscape,1440x566,cover,50% 50%,,48,MEDIUM,
/meer-oor-ons/,desktop,background,https://www.kruispadhazeldean.co.za/wp-content/uploads/2021/02/Berea-Cafe-Thumb-1-scaled.jpg,1644,2560x1920,landscape,1440x566,cover,50% 50%,,48,MEDIUM,
/meer-oor-ons/,desktop,background,https://www.kruispadhazeldean.co.za/wp-content/uploads/2021/02/Berea-Cafe-Static-1-scaled.jpg,1643,2560x1898,landscape,1440x566,cover,50% 50%,,47,MEDIUM,
/meer-oor-ons/,desktop,background,https://www.kruispadhazeldean.co.za/wp-content/uploads/2021/02/Image-10-1-scaled.jpg,,,,1440x566,cover,50% 50%,,0,none,
/meer-oor-ons/,desktop,background,https://www.kruispadhazeldean.co.za/wp-content/uploads/2021/02/Image-9-1-scaled.jpg,1653,2560x1914,landscape,1440x566,cover,50% 50%,,47,MEDIUM,
/meer-oor-ons/,desktop,background,https://www.kruispadhazeldean.co.za/wp-content/uploads/2021/02/Image-8-1-scaled.jpg,1652,2560x1937,landscape,1440x566,cover,50% 50%,,48,MEDIUM,
/meer-oor-ons/,desktop,background,https://www.kruispadhazeldean.co.za/wp-content/uploads/2021/02/Image-7-1-scaled.jpg,1651,2560x1925,landscape,1440x566,cover,50% 50%,,48,MEDIUM,
/meer-oor-ons/,desktop,background,https://www.kruispadhazeldean.co.za/wp-content/uploads/2021/02/Image-6-1-scaled.jpg,1650,2560x1934,landscape,1440x566,cover,50% 50%,,48,MEDIUM,
/meer-oor-ons/,desktop,background,https://www.kruispadhazeldean.co.za/wp-content/uploads/2021/02/Image-5-1-scaled.jpg,1649,2560x1921,landscape,1440x566,cover,50% 50%,,48,MEDIUM,
/meer-oor-ons/,desktop,background,https://www.kruispadhazeldean.co.za/wp-content/uploads/2021/02/Image-4-1-scaled.jpg,,,,1440x566,cover,50% 50%,,0,none,
/meer-oor-ons/,desktop,background,https://www.kruispadhazeldean.co.za/wp-content/uploads/2021/02/Image-3-1-scaled.jpg,1647,2560x1927,landscape,1440x566,cover,50% 50%,,48,MEDIUM,
/meer-oor-ons/,desktop,background,https://www.kruispadhazeldean.co.za/wp-content/uploads/2021/02/Image-2-1-scaled.jpg,1646,2560x1923,landscape,1440x566,cover,50% 50%,,48,MEDIUM,
/meer-oor-ons/,desktop,background,https://www.kruispadhazeldean.co.za/wp-content/uploads/2021/02/Image-1-1-scaled.jpg,1645,2560x1917,landscape,1440x566,cover,50% 50%,,48,MEDIUM,
/meer-oor-ons/,desktop,background,https://www.kruispadhazeldean.co.za/wp-content/uploads/2021/02/Berea-Cafe-Thumb-1-scaled.jpg,1644,2560x1920,landscape,1440x566,cover,50% 50%,,48,MEDIUM,
/meer-oor-ons/,desktop,background,https://www.kruispadhazeldean.co.za/wp-content/uploads/2021/02/Berea-Cafe-Static-1-scaled.jpg,1643,2560x1898,landscape,1440x566,cover,50% 50%,,47,MEDIUM,
/meer-oor-ons/,mobile,img,https://www.kruispadhazeldean.co.za/wp-content/uploads/2025/09/cropped-KRUISPAD-66-scaled-1-1024x283.jpg,3568,2000x552,landscape,390x229,cover,50% 50%,,53,HIGH,
/meer-oor-ons/,mobile,img,https://www.kruispadhazeldean.co.za/wp-content/uploads/2025/09/cropped-Kruispad_Logo_Oranje.jpg,1450,589x436,landscape,80x80,fill,50% 50%,yes,26,MEDIUM,Kruispad Hazeldean Gemeente
/meer-oor-ons/,mobile,img,https://www.kruispadhazeldean.co.za/wp-content/uploads/2021/04/5ea4eea885192-1-1024x549.jpg,2919,2560x1372,landscape,100x56,fill,50% 50%,,0,none,
/meer-oor-ons/,mobile,img,https://www.kruispadhazeldean.co.za/wp-content/uploads/2021/02/Berea-Cafe-Static-2-1024x759.jpg,1853,2560x1898,landscape,280x209,fill,50% 50%,,0,none,
/meer-oor-ons/,mobile,background,https://www.kruispadhazeldean.co.za/wp-content/uploads/2021/02/Image-10-1-scaled.jpg,,,,390x1199,cover,50% 50%,,0,none,
/meer-oor-ons/,mobile,background,https://www.kruispadhazeldean.co.za/wp-content/uploads/2021/02/Image-9-1-scaled.jpg,1653,2560x1914,landscape,390x1199,cover,50% 50%,,76,HIGH,
/meer-oor-ons/,mobile,background,https://www.kruispadhazeldean.co.za/wp-content/uploads/2021/02/Image-8-1-scaled.jpg,1652,2560x1937,landscape,390x1199,cover,50% 50%,,75,HIGH,
/meer-oor-ons/,mobile,background,https://www.kruispadhazeldean.co.za/wp-content/uploads/2021/02/Image-7-1-scaled.jpg,1651,2560x1925,landscape,390x1199,cover,50% 50%,,76,HIGH,
/meer-oor-ons/,mobile,background,https://www.kruispadhazeldean.co.za/wp-content/uploads/2021/02/Image-6-1-scaled.jpg,1650,2560x1934,landscape,390x1199,cover,50% 50%,,75,HIGH,
/meer-oor-ons/,mobile,background,https://www.kruispadhazeldean.co.za/wp-content/uploads/2021/02/Image-5-1-scaled.jpg,1649,2560x1921,landscape,390x1199,cover,50% 50%,,76,HIGH,
/meer-oor-ons/,mobile,background,https://www.kruispadhazeldean.co.za/wp-content/uploads/2021/02/Image-4-1-scaled.jpg,,,,390x1199,cover,50% 50%,,0,none,
/meer-oor-ons/,mobile,background,https://www.kruispadhazeldean.co.za/wp-content/uploads/2021/02/Image-3-1-scaled.jpg,1647,2560x1927,landscape,390x1199,cover,50% 50%,,76,HIGH,
/meer-oor-ons/,mobile,background,https://www.kruispadhazeldean.co.za/wp-content/uploads/2021/02/Image-2-1-scaled.jpg,1646,2560x1923,landscape,390x1199,cover,50% 50%,,76,HIGH,
/meer-oor-ons/,mobile,background,https://www.kruispadhazeldean.co.za/wp-content/uploads/2021/02/Image-1-1-scaled.jpg,1645,2560x1917,landscape,390x1199,cover,50% 50%,,76,HIGH,
/meer-oor-ons/,mobile,background,https://www.kruispadhazeldean.co.za/wp-content/uploads/2021/02/Berea-Cafe-Thumb-1-scaled.jpg,1644,2560x1920,landscape,390x1199,cover,50% 50%,,76,HIGH,
/meer-oor-ons/,mobile,background,https://www.kruispadhazeldean.co.za/wp-content/uploads/2021/02/Berea-Cafe-Static-1-scaled.jpg,1643,2560x1898,landscape,390x1199,cover,50% 50%,,76,HIGH,
/meer-oor-ons/,mobile,background,https://www.kruispadhazeldean.co.za/wp-content/uploads/2021/02/Image-10-1-scaled.jpg,,,,390x1199,cover,50% 50%,,0,none,
/meer-oor-ons/,mobile,background,https://www.kruispadhazeldean.co.za/wp-content/uploads/2021/02/Image-9-1-scaled.jpg,1653,2560x1914,landscape,390x1199,cover,50% 50%,,76,HIGH,
/meer-oor-ons/,mobile,background,https://www.kruispadhazeldean.co.za/wp-content/uploads/2021/02/Image-8-1-scaled.jpg,1652,2560x1937,landscape,390x1199,cover,50% 50%,,75,HIGH,
/meer-oor-ons/,mobile,background,https://www.kruispadhazeldean.co.za/wp-content/uploads/2021/02/Image-7-1-scaled.jpg,1651,2560x1925,landscape,390x1199,cover,50% 50%,,76,HIGH,
/meer-oor-ons/,mobile,background,https://www.kruispadhazeldean.co.za/wp-content/uploads/2021/02/Image-6-1-scaled.jpg,1650,2560x1934,landscape,390x1199,cover,50% 50%,,75,HIGH,
/meer-oor-ons/,mobile,background,https://www.kruispadhazeldean.co.za/wp-content/uploads/2021/02/Image-5-1-scaled.jpg,1649,2560x1921,landscape,390x1199,cover,50% 50%,,76,HIGH,
/meer-oor-ons/,mobile,background,https://www.kruispadhazeldean.co.za/wp-content/uploads/2021/02/Image-4-1-scaled.jpg,,,,390x1199,cover,50% 50%,,0,none,
/meer-oor-ons/,mobile,background,https://www.kruispadhazeldean.co.za/wp-content/uploads/2021/02/Image-3-1-scaled.jpg,1647,2560x1927,landscape,390x1199,cover,50% 50%,,76,HIGH,
/meer-oor-ons/,mobile,background,https://www.kruispadhazeldean.co.za/wp-content/uploads/2021/02/Image-2-1-scaled.jpg,1646,2560x1923,landscape,390x1199,cover,50% 50%,,76,HIGH,
/meer-oor-ons/,mobile,background,https://www.kruispadhazeldean.co.za/wp-content/uploads/2021/02/Image-1-1-scaled.jpg,1645,2560x1917,landscape,390x1199,cover,50% 50%,,76,HIGH,
/meer-oor-ons/,mobile,background,https://www.kruispadhazeldean.co.za/wp-content/uploads/2021/02/Berea-Cafe-Thumb-1-scaled.jpg,1644,2560x1920,landscape,390x1199,cover,50% 50%,,76,HIGH,
/meer-oor-ons/,mobile,background,https://www.kruispadhazeldean.co.za/wp-content/uploads/2021/02/Berea-Cafe-Static-1-scaled.jpg,1643,2560x1898,landscape,390x1199,cover,50% 50%,,76,HIGH,
/meer-oor-ons/,mobile,background,https://www.kruispadhazeldean.co.za/wp-content/uploads/2021/02/Image-10-1-scaled.jpg,,,,390x1199,cover,50% 50%,,0,none,
/meer-oor-ons/,mobile,background,https://www.kruispadhazeldean.co.za/wp-content/uploads/2021/02/Image-9-1-scaled.jpg,1653,2560x1914,landscape,390x1199,cover,50% 50%,,76,HIGH,
/meer-oor-ons/,mobile,background,https://www.kruispadhazeldean.co.za/wp-content/uploads/2021/02/Image-8-1-scaled.jpg,1652,2560x1937,landscape,390x1199,cover,50% 50%,,75,HIGH,
/meer-oor-ons/,mobile,background,https://www.kruispadhazeldean.co.za/wp-content/uploads/2021/02/Image-7-1-scaled.jpg,1651,2560x1925,landscape,390x1199,cover,50% 50%,,76,HIGH,
/meer-oor-ons/,mobile,background,https://www.kruispadhazeldean.co.za/wp-content/uploads/2021/02/Image-6-1-scaled.jpg,1650,2560x1934,landscape,390x1199,cover,50% 50%,,75,HIGH,
/meer-oor-ons/,mobile,background,https://www.kruispadhazeldean.co.za/wp-content/uploads/2021/02/Image-5-1-scaled.jpg,1649,2560x1921,landscape,390x1199,cover,50% 50%,,76,HIGH,
/meer-oor-ons/,mobile,background,https://www.kruispadhazeldean.co.za/wp-content/uploads/2021/02/Image-4-1-scaled.jpg,,,,390x1199,cover,50% 50%,,0,none,
/meer-oor-ons/,mobile,background,https://www.kruispadhazeldean.co.za/wp-content/uploads/2021/02/Image-3-1-scaled.jpg,1647,2560x1927,landscape,390x1199,cover,50% 50%,,76,HIGH,
/meer-oor-ons/,mobile,background,https://www.kruispadhazeldean.co.za/wp-content/uploads/2021/02/Image-2-1-scaled.jpg,1646,2560x1923,landscape,390x1199,cover,50% 50%,,76,HIGH,
/meer-oor-ons/,mobile,background,https://www.kruispadhazeldean.co.za/wp-content/uploads/2021/02/Image-1-1-scaled.jpg,1645,2560x1917,landscape,390x1199,cover,50% 50%,,76,HIGH,
/meer-oor-ons/,mobile,background,https://www.kruispadhazeldean.co.za/wp-content/uploads/2021/02/Berea-Cafe-Thumb-1-scaled.jpg,1644,2560x1920,landscape,390x1199,cover,50% 50%,,76,HIGH,
/meer-oor-ons/,mobile,background,https://www.kruispadhazeldean.co.za/wp-content/uploads/2021/02/Berea-Cafe-Static-1-scaled.jpg,1643,2560x1898,landscape,390x1199,cover,50% 50%,,76,HIGH,
/,desktop,img,https://www.kruispadhazeldean.co.za/wp-content/uploads/2025/09/cropped-KRUISPAD-66-scaled-1-1536x424.jpg,3568,2000x552,landscape,1440x900,cover,50% 50%,,56,HIGH,
/,desktop,img,https://www.kruispadhazeldean.co.za/wp-content/uploads/2025/09/cropped-Kruispad_Logo_Oranje.jpg,1450,589x436,landscape,80x80,fill,50% 50%,yes,26,MEDIUM,Kruispad Hazeldean Gemeente
/,desktop,img,https://www.kruispadhazeldean.co.za/wp-content/uploads/2025/09/Copy-of-Skyfie-voorblad.png,,1440x1440,,425x425,fill,50% 50%,,0,none,
/,desktop,img,https://www.kruispadhazeldean.co.za/wp-content/uploads/2025/09/Copy-of-Copy-of-Copy-of-Cafe-Berea-vakansie-1.png,,1440x1440,,472x472,fill,50% 50%,,0,none,
/,desktop,img,https://www.kruispadhazeldean.co.za/wp-content/uploads/2021/02/ed5345e-897b-42.jpg,2109,1280x754,landscape,511x304,fill,50% 50%,,0,none,
/,desktop,background,https://www.kruispadhazeldean.co.za/wp-content/uploads/2025/09/KPmoments-49-scaled.jpg,3638,1707x2560,portrait,1440x394,cover,50% 50%,,82,HIGH,
/,desktop,background,https://www.kruispadhazeldean.co.za/wp-content/uploads/2025/09/KPmoments-33-scaled.jpg,3637,2560x1707,landscape,1872x512,cover,50% 50%,,59,HIGH,
/,mobile,img,https://www.kruispadhazeldean.co.za/wp-content/uploads/2025/09/cropped-KRUISPAD-66-scaled-1-1024x283.jpg,3568,2000x552,landscape,390x844,cover,50% 50%,,87,HIGH,
/,mobile,img,https://www.kruispadhazeldean.co.za/wp-content/uploads/2025/09/cropped-Kruispad_Logo_Oranje.jpg,1450,589x436,landscape,80x80,fill,50% 50%,yes,26,MEDIUM,Kruispad Hazeldean Gemeente
/,mobile,img,https://www.kruispadhazeldean.co.za/wp-content/uploads/2025/09/Copy-of-Skyfie-voorblad.png,,390x390,,280x280,fill,50% 50%,,0,none,
/,mobile,img,https://www.kruispadhazeldean.co.za/wp-content/uploads/2025/09/Copy-of-Copy-of-Copy-of-Cafe-Berea-vakansie-1-1024x1024.png,,390x390,,280x280,fill,50% 50%,,0,none,
/,mobile,img,https://www.kruispadhazeldean.co.za/wp-content/uploads/2021/02/ed5345e-897b-42-1024x603.jpg,2109,1280x754,landscape,280x167,fill,50% 50%,,0,none,
/,mobile,background,https://www.kruispadhazeldean.co.za/wp-content/uploads/2025/09/KPmoments-49-scaled.jpg,3638,1707x2560,portrait,405x259,contain,50% 50%,,0,none,
/,mobile,background,https://www.kruispadhazeldean.co.za/wp-content/uploads/2025/09/KPmoments-33-scaled.jpg,3637,2560x1707,landscape,390x250,contain,50% 50%,,0,none,
/meer-oor-ons/droom-van-kruispad/,desktop,img,https://www.kruispadhazeldean.co.za/wp-content/uploads/2025/09/cropped-KRUISPAD-66-scaled-1-1536x424.jpg,3568,2000x552,landscape,1440x183,cover,50% 50%,,54,HIGH,
/meer-oor-ons/droom-van-kruispad/,desktop,img,https://www.kruispadhazeldean.co.za/wp-content/uploads/2025/09/cropped-Kruispad_Logo_Oranje.jpg,1450,589x436,landscape,80x80,fill,50% 50%,yes,26,MEDIUM,Kruispad Hazeldean Gemeente
/meer-oor-ons/droom-van-kruispad/,desktop,background,https://www.kruispadhazeldean.co.za/wp-content/uploads/2021/02/Changing-view-from-space.jpg,1857,1920x800,landscape,1440x508,cover,0% 0%,,15,LOW,
/meer-oor-ons/droom-van-kruispad/,desktop,background,https://www.kruispadhazeldean.co.za/wp-content/uploads/2021/02/Changing-view-from-space.jpg,1857,1920x800,landscape,1440x1294,cover,0% 0%,,54,HIGH,
/meer-oor-ons/droom-van-kruispad/,mobile,img,https://www.kruispadhazeldean.co.za/wp-content/uploads/2025/09/cropped-KRUISPAD-66-scaled-1-1024x283.jpg,3568,2000x552,landscape,390x229,cover,50% 50%,,53,HIGH,
/meer-oor-ons/droom-van-kruispad/,mobile,img,https://www.kruispadhazeldean.co.za/wp-content/uploads/2025/09/cropped-Kruispad_Logo_Oranje.jpg,1450,589x436,landscape,80x80,fill,50% 50%,yes,26,MEDIUM,Kruispad Hazeldean Gemeente
/meer-oor-ons/droom-van-kruispad/,mobile,background,https://www.kruispadhazeldean.co.za/wp-content/uploads/2021/02/Changing-view-from-space.jpg,1857,1920x800,landscape,390x460,cover,0% 0%,,65,HIGH,
/meer-oor-ons/droom-van-kruispad/,mobile,background,https://www.kruispadhazeldean.co.za/wp-content/uploads/2021/02/Changing-view-from-space.jpg,1857,1920x800,landscape,390x1567,cover,0% 0%,,90,HIGH,
/home/kontak-ons/,desktop,img,https://www.kruispadhazeldean.co.za/wp-content/uploads/2025/09/cropped-KRUISPAD-66-scaled-1-1536x424.jpg,3568,2000x552,landscape,1440x183,cover,50% 50%,,54,HIGH,
/home/kontak-ons/,desktop,img,https://www.kruispadhazeldean.co.za/wp-content/uploads/2025/09/cropped-Kruispad_Logo_Oranje.jpg,1450,589x436,landscape,80x80,fill,50% 50%,yes,26,MEDIUM,Kruispad Hazeldean Gemeente
/home/kontak-ons/,desktop,img,https://www.kruispadhazeldean.co.za/wp-content/uploads/2025/09/KPmoments-4-1-150x150.jpg,3810,1707x2560,portrait,156x156,fill,50% 50%,yes,33,MEDIUM,KPmoments-4
/home/kontak-ons/,desktop,img,https://www.kruispadhazeldean.co.za/wp-content/uploads/2025/09/KPmoments-2-150x150.jpg,3808,960x1280,portrait,156x156,fill,50% 50%,yes,25,MEDIUM,KPmoments
/home/kontak-ons/,desktop,img,https://www.kruispadhazeldean.co.za/wp-content/uploads/2025/09/KPmoments-49-150x150.jpg,3638,1707x2560,portrait,156x156,fill,50% 50%,yes,33,MEDIUM,KPmoments-49
/home/kontak-ons/,desktop,img,https://www.kruispadhazeldean.co.za/wp-content/uploads/2025/09/KPmoments-4-1-150x150.jpg,3810,1707x2560,portrait,156x156,fill,50% 50%,yes,33,MEDIUM,KPmoments-4
/home/kontak-ons/,desktop,img,https://www.kruispadhazeldean.co.za/wp-content/uploads/2025/09/KPmoments-2-150x150.jpg,3808,960x1280,portrait,156x156,fill,50% 50%,yes,25,MEDIUM,KPmoments
/home/kontak-ons/,desktop,img,https://www.kruispadhazeldean.co.za/wp-content/uploads/2025/09/KPmoments-49-150x150.jpg,3638,1707x2560,portrait,156x156,fill,50% 50%,yes,33,MEDIUM,KPmoments-49
/home/kontak-ons/,desktop,img,https://www.kruispadhazeldean.co.za/wp-content/uploads/2025/09/KPmoments-4-1-150x150.jpg,3810,1707x2560,portrait,156x156,fill,50% 50%,yes,33,MEDIUM,KPmoments-4
/home/kontak-ons/,desktop,img,https://www.kruispadhazeldean.co.za/wp-content/uploads/2025/09/KPmoments-2-150x150.jpg,3808,960x1280,portrait,156x156,fill,50% 50%,yes,25,MEDIUM,KPmoments
/home/kontak-ons/,desktop,img,https://www.kruispadhazeldean.co.za/wp-content/uploads/2025/09/KPmoments-49-150x150.jpg,3638,1707x2560,portrait,156x156,fill,50% 50%,yes,33,MEDIUM,KPmoments-49
/home/kontak-ons/,desktop,img,https://www.kruispadhazeldean.co.za/wp-content/uploads/2021/02/Tijger_2_699x247.jpg,2368,699x247,landscape,525x189,fill,50% 50%,,0,none,
/home/kontak-ons/,desktop,img,https://www.kruispadhazeldean.co.za/wp-content/uploads/2021/02/LANDINGPAGECURROHAZELDEAN.fw_-1.png,2369,699x247,landscape,525x189,fill,50% 50%,,0,none,
/home/kontak-ons/,mobile,img,https://www.kruispadhazeldean.co.za/wp-content/uploads/2025/09/cropped-KRUISPAD-66-scaled-1-1024x283.jpg,3568,2000x552,landscape,390x229,cover,50% 50%,,53,HIGH,
/home/kontak-ons/,mobile,img,https://www.kruispadhazeldean.co.za/wp-content/uploads/2025/09/cropped-Kruispad_Logo_Oranje.jpg,1450,589x436,landscape,80x80,fill,50% 50%,yes,26,MEDIUM,Kruispad Hazeldean Gemeente
/home/kontak-ons/,mobile,img,https://www.kruispadhazeldean.co.za/wp-content/uploads/2025/09/KPmoments-49-150x150.jpg,3638,1707x2560,portrait,156x156,fill,50% 50%,yes,33,MEDIUM,KPmoments-49
/home/kontak-ons/,mobile,img,https://www.kruispadhazeldean.co.za/wp-content/uploads/2025/09/KPmoments-4-1-150x150.jpg,3810,1707x2560,portrait,156x156,fill,50% 50%,yes,33,MEDIUM,KPmoments-4
/home/kontak-ons/,mobile,img,https://www.kruispadhazeldean.co.za/wp-content/uploads/2025/09/KPmoments-2-150x150.jpg,3808,960x1280,portrait,156x156,fill,50% 50%,yes,25,MEDIUM,KPmoments
/home/kontak-ons/,mobile,img,https://www.kruispadhazeldean.co.za/wp-content/uploads/2025/09/KPmoments-49-150x150.jpg,3638,1707x2560,portrait,156x156,fill,50% 50%,yes,33,MEDIUM,KPmoments-49
/home/kontak-ons/,mobile,img,https://www.kruispadhazeldean.co.za/wp-content/uploads/2025/09/KPmoments-4-1-150x150.jpg,3810,1707x2560,portrait,156x156,fill,50% 50%,yes,33,MEDIUM,KPmoments-4
/home/kontak-ons/,mobile,img,https://www.kruispadhazeldean.co.za/wp-content/uploads/2021/02/Tijger_2_699x247.jpg,2368,699x247,landscape,324x118,fill,50% 50%,,0,none,
/home/kontak-ons/,mobile,img,https://www.kruispadhazeldean.co.za/wp-content/uploads/2021/02/LANDINGPAGECURROHAZELDEAN.fw_-1.png,2369,699x247,landscape,330x120,fill,50% 50%,,0,none,
/dien/,desktop,img,https://www.kruispadhazeldean.co.za/wp-content/uploads/2025/09/cropped-KRUISPAD-66-scaled-1-1536x424.jpg,3568,2000x552,landscape,1440x183,cover,50% 50%,,54,HIGH,
/dien/,desktop,img,https://www.kruispadhazeldean.co.za/wp-content/uploads/2025/09/cropped-Kruispad_Logo_Oranje.jpg,1450,589x436,landscape,80x80,fill,50% 50%,yes,26,MEDIUM,Kruispad Hazeldean Gemeente
/dien/,desktop,background,https://www.kruispadhazeldean.co.za/wp-content/uploads/2021/02/grain-fields-of-golden-summer.webp_.jpg,1016,1200x461,landscape,1440x537,cover,50% 50%,,3,LOW,
/dien/,mobile,img,https://www.kruispadhazeldean.co.za/wp-content/uploads/2025/09/cropped-KRUISPAD-66-scaled-1-1024x283.jpg,3568,2000x552,landscape,390x229,cover,50% 50%,,53,HIGH,
/dien/,mobile,img,https://www.kruispadhazeldean.co.za/wp-content/uploads/2025/09/cropped-Kruispad_Logo_Oranje.jpg,1450,589x436,landscape,80x80,fill,50% 50%,yes,26,MEDIUM,Kruispad Hazeldean Gemeente
/dien/,mobile,background,https://www.kruispadhazeldean.co.za/wp-content/uploads/2021/02/grain-fields-of-golden-summer.webp_.jpg,1016,1200x461,landscape,390x803,cover,50% 50%,,81,HIGH,
/home/kruispad-erediens/,desktop,img,https://www.kruispadhazeldean.co.za/wp-content/uploads/2025/09/cropped-KRUISPAD-66-scaled-1-1536x424.jpg,3568,2000x552,landscape,1440x183,cover,50% 50%,,54,HIGH,
/home/kruispad-erediens/,desktop,img,https://www.kruispadhazeldean.co.za/wp-content/uploads/2025/09/cropped-Kruispad_Logo_Oranje.jpg,1450,589x436,landscape,80x80,fill,50% 50%,yes,26,MEDIUM,Kruispad Hazeldean Gemeente
/home/kruispad-erediens/,desktop,background,https://www.kruispadhazeldean.co.za/wp-content/uploads/2025/09/KPmoments-49-scaled.jpg,3638,1707x2560,portrait,1230x508,cover,50% 50%,,72,HIGH,
/home/kruispad-erediens/,desktop,background,https://www.kruispadhazeldean.co.za/wp-content/uploads/2025/09/KPmoments-33-scaled.jpg,3637,2560x1707,landscape,1230x508,cover,50% 50%,,38,MEDIUM,
/home/kruispad-erediens/,desktop,background,https://www.kruispadhazeldean.co.za/wp-content/uploads/2025/09/KPmoments-26-1-scaled.jpg,3636,2560x1707,landscape,1230x508,cover,50% 50%,,38,MEDIUM,
/home/kruispad-erediens/,desktop,background,https://www.kruispadhazeldean.co.za/wp-content/uploads/2025/09/KPmoments-18-scaled.jpg,3635,2560x1707,landscape,1230x508,cover,50% 50%,,38,MEDIUM,
/home/kruispad-erediens/,desktop,background,https://www.kruispadhazeldean.co.za/wp-content/uploads/2025/09/KPmoments-8-scaled.jpg,3633,1707x2560,portrait,1230x508,cover,50% 50%,,72,HIGH,
/home/kruispad-erediens/,desktop,background,https://www.kruispadhazeldean.co.za/wp-content/uploads/2025/09/KPmoments-3-scaled.jpg,3631,1706x2560,portrait,1230x508,cover,50% 50%,,72,HIGH,
/home/kruispad-erediens/,desktop,background,https://www.kruispadhazeldean.co.za/wp-content/uploads/2025/09/KPmoments-49-scaled.jpg,3638,1707x2560,portrait,1230x508,cover,50% 50%,,72,HIGH,
/home/kruispad-erediens/,desktop,background,https://www.kruispadhazeldean.co.za/wp-content/uploads/2025/09/KPmoments-33-scaled.jpg,3637,2560x1707,landscape,1230x508,cover,50% 50%,,38,MEDIUM,
/home/kruispad-erediens/,desktop,background,https://www.kruispadhazeldean.co.za/wp-content/uploads/2025/09/KPmoments-26-1-scaled.jpg,3636,2560x1707,landscape,1230x508,cover,50% 50%,,38,MEDIUM,
/home/kruispad-erediens/,desktop,background,https://www.kruispadhazeldean.co.za/wp-content/uploads/2025/09/KPmoments-18-scaled.jpg,3635,2560x1707,landscape,1230x508,cover,50% 50%,,38,MEDIUM,
/home/kruispad-erediens/,desktop,background,https://www.kruispadhazeldean.co.za/wp-content/uploads/2025/09/KPmoments-8-scaled.jpg,3633,1707x2560,portrait,1230x508,cover,50% 50%,,72,HIGH,
/home/kruispad-erediens/,desktop,background,https://www.kruispadhazeldean.co.za/wp-content/uploads/2025/09/KPmoments-3-scaled.jpg,3631,1706x2560,portrait,1230x508,cover,50% 50%,,72,HIGH,
/home/kruispad-erediens/,desktop,background,https://www.kruispadhazeldean.co.za/wp-content/uploads/2025/09/KPmoments-49-scaled.jpg,3638,1707x2560,portrait,1230x508,cover,50% 50%,,72,HIGH,
/home/kruispad-erediens/,desktop,background,https://www.kruispadhazeldean.co.za/wp-content/uploads/2025/09/KPmoments-33-scaled.jpg,3637,2560x1707,landscape,1230x508,cover,50% 50%,,38,MEDIUM,
/home/kruispad-erediens/,desktop,background,https://www.kruispadhazeldean.co.za/wp-content/uploads/2025/09/KPmoments-26-1-scaled.jpg,3636,2560x1707,landscape,1230x508,cover,50% 50%,,38,MEDIUM,
/home/kruispad-erediens/,desktop,background,https://www.kruispadhazeldean.co.za/wp-content/uploads/2025/09/KPmoments-18-scaled.jpg,3635,2560x1707,landscape,1230x508,cover,50% 50%,,38,MEDIUM,
/home/kruispad-erediens/,desktop,background,https://www.kruispadhazeldean.co.za/wp-content/uploads/2025/09/KPmoments-8-scaled.jpg,3633,1707x2560,portrait,1230x508,cover,50% 50%,,72,HIGH,
/home/kruispad-erediens/,desktop,background,https://www.kruispadhazeldean.co.za/wp-content/uploads/2025/09/KPmoments-3-scaled.jpg,3631,1706x2560,portrait,1230x508,cover,50% 50%,,72,HIGH,
/home/kruispad-erediens/,mobile,img,https://www.kruispadhazeldean.co.za/wp-content/uploads/2025/09/cropped-KRUISPAD-66-scaled-1-1024x283.jpg,3568,2000x552,landscape,390x229,cover,50% 50%,,53,HIGH,
/home/kruispad-erediens/,mobile,img,https://www.kruispadhazeldean.co.za/wp-content/uploads/2025/09/cropped-Kruispad_Logo_Oranje.jpg,1450,589x436,landscape,80x80,fill,50% 50%,yes,26,MEDIUM,Kruispad Hazeldean Gemeente
/home/kruispad-erediens/,mobile,background,https://www.kruispadhazeldean.co.za/wp-content/uploads/2025/09/KPmoments-49-scaled.jpg,3638,1707x2560,portrait,390x208,contain,50% 50%,,0,none,
/home/kruispad-erediens/,mobile,background,https://www.kruispadhazeldean.co.za/wp-content/uploads/2025/09/KPmoments-33-scaled.jpg,3637,2560x1707,landscape,390x208,contain,50% 50%,,0,none,
/home/kruispad-erediens/,mobile,background,https://www.kruispadhazeldean.co.za/wp-content/uploads/2025/09/KPmoments-26-1-scaled.jpg,3636,2560x1707,landscape,390x208,contain,50% 50%,,0,none,
/home/kruispad-erediens/,mobile,background,https://www.kruispadhazeldean.co.za/wp-content/uploads/2025/09/KPmoments-18-scaled.jpg,3635,2560x1707,landscape,390x208,contain,50% 50%,,0,none,
/home/kruispad-erediens/,mobile,background,https://www.kruispadhazeldean.co.za/wp-content/uploads/2025/09/KPmoments-8-scaled.jpg,3633,1707x2560,portrait,390x208,contain,50% 50%,,0,none,
/home/kruispad-erediens/,mobile,background,https://www.kruispadhazeldean.co.za/wp-content/uploads/2025/09/KPmoments-3-scaled.jpg,3631,1706x2560,portrait,390x208,contain,50% 50%,,0,none,
/home/kruispad-erediens/,mobile,background,https://www.kruispadhazeldean.co.za/wp-content/uploads/2025/09/KPmoments-49-scaled.jpg,3638,1707x2560,portrait,390x208,contain,50% 50%,,0,none,
/home/kruispad-erediens/,mobile,background,https://www.kruispadhazeldean.co.za/wp-content/uploads/2025/09/KPmoments-33-scaled.jpg,3637,2560x1707,landscape,390x208,contain,50% 50%,,0,none,
/home/kruispad-erediens/,mobile,background,https://www.kruispadhazeldean.co.za/wp-content/uploads/2025/09/KPmoments-26-1-scaled.jpg,3636,2560x1707,landscape,390x208,contain,50% 50%,,0,none,
/home/kruispad-erediens/,mobile,background,https://www.kruispadhazeldean.co.za/wp-content/uploads/2025/09/KPmoments-18-scaled.jpg,3635,2560x1707,landscape,390x208,contain,50% 50%,,0,none,
/home/kruispad-erediens/,mobile,background,https://www.kruispadhazeldean.co.za/wp-content/uploads/2025/09/KPmoments-8-scaled.jpg,3633,1707x2560,portrait,390x208,contain,50% 50%,,0,none,
/home/kruispad-erediens/,mobile,background,https://www.kruispadhazeldean.co.za/wp-content/uploads/2025/09/KPmoments-3-scaled.jpg,3631,1706x2560,portrait,390x208,contain,50% 50%,,0,none,
/home/kruispad-erediens/,mobile,background,https://www.kruispadhazeldean.co.za/wp-content/uploads/2025/09/KPmoments-49-scaled.jpg,3638,1707x2560,portrait,390x208,contain,50% 50%,,0,none,
/home/kruispad-erediens/,mobile,background,https://www.kruispadhazeldean.co.za/wp-content/uploads/2025/09/KPmoments-33-scaled.jpg,3637,2560x1707,landscape,390x208,contain,50% 50%,,0,none,
/home/kruispad-erediens/,mobile,background,https://www.kruispadhazeldean.co.za/wp-content/uploads/2025/09/KPmoments-26-1-scaled.jpg,3636,2560x1707,landscape,390x208,contain,50% 50%,,0,none,
/home/kruispad-erediens/,mobile,background,https://www.kruispadhazeldean.co.za/wp-content/uploads/2025/09/KPmoments-18-scaled.jpg,3635,2560x1707,landscape,390x208,contain,50% 50%,,0,none,
/home/kruispad-erediens/,mobile,background,https://www.kruispadhazeldean.co.za/wp-content/uploads/2025/09/KPmoments-8-scaled.jpg,3633,1707x2560,portrait,390x208,contain,50% 50%,,0,none,
/home/kruispad-erediens/,mobile,background,https://www.kruispadhazeldean.co.za/wp-content/uploads/2025/09/KPmoments-3-scaled.jpg,3631,1706x2560,portrait,390x208,contain,50% 50%,,0,none,
/preke-en-media/fred-suzi/,desktop,img,https://www.kruispadhazeldean.co.za/wp-content/uploads/2025/09/cropped-KRUISPAD-66-scaled-1-1536x424.jpg,3568,2000x552,landscape,1440x183,cover,50% 50%,,54,HIGH,
/preke-en-media/fred-suzi/,desktop,img,https://www.kruispadhazeldean.co.za/wp-content/uploads/2025/09/cropped-Kruispad_Logo_Oranje.jpg,1450,589x436,landscape,80x80,fill,50% 50%,yes,26,MEDIUM,Kruispad Hazeldean Gemeente
/preke-en-media/fred-suzi/,desktop,img,https://www.kruispadhazeldean.co.za/wp-content/uploads/2021/03/55e42d88-5b83-4d0a-af37-1150a44727b1.jpg,2553,1280x745,landscape,696x437,contain,50% 50%,,0,none,
/preke-en-media/fred-suzi/,desktop,img,https://www.kruispadhazeldean.co.za/wp-content/uploads/2025/09/KRUISPAD-29-scaled-e1756886692751-300x247.jpg,3486,1707x1408,landscape,300x248,fill,50% 50%,,0,none,
/preke-en-media/fred-suzi/,mobile,img,https://www.kruispadhazeldean.co.za/wp-content/uploads/2025/09/cropped-KRUISPAD-66-scaled-1-1024x283.jpg,3568,2000x552,landscape,390x229,cover,50% 50%,,53,HIGH,
/preke-en-media/fred-suzi/,mobile,img,https://www.kruispadhazeldean.co.za/wp-content/uploads/2025/09/cropped-Kruispad_Logo_Oranje.jpg,1450,589x436,landscape,80x80,fill,50% 50%,yes,26,MEDIUM,Kruispad Hazeldean Gemeente
/preke-en-media/fred-suzi/,mobile,img,https://www.kruispadhazeldean.co.za/wp-content/uploads/2021/03/55e42d88-5b83-4d0a-af37-1150a44727b1-1024x596.jpg,2553,1280x745,landscape,275x437,contain,50% 50%,,0,none,
/preke-en-media/fred-suzi/,mobile,img,https://www.kruispadhazeldean.co.za/wp-content/uploads/2025/09/KRUISPAD-29-scaled-e1756886692751-768x633.jpg,3486,1707x1408,landscape,300x248,fill,50% 50%,,0,none,
/cafe-berea/,desktop,img,https://www.kruispadhazeldean.co.za/wp-content/uploads/2025/09/cropped-KRUISPAD-66-scaled-1-1536x424.jpg,3568,2000x552,landscape,1440x183,cover,50% 50%,,54,HIGH,
/cafe-berea/,desktop,img,https://www.kruispadhazeldean.co.za/wp-content/uploads/2025/09/cropped-Kruispad_Logo_Oranje.jpg,1450,589x436,landscape,80x80,fill,50% 50%,yes,26,MEDIUM,Kruispad Hazeldean Gemeente
/cafe-berea/,desktop,img,https://www.kruispadhazeldean.co.za/wp-content/uploads/2025/09/KPSTAFF-3-scaled-e1756884934460-300x300.jpg,3429,1673x1673,square,300x300,fill,50% 50%,,0,none,
/cafe-berea/,mobile,img,https://www.kruispadhazeldean.co.za/wp-content/uploads/2025/09/cropped-KRUISPAD-66-scaled-1-1024x283.jpg,3568,2000x552,landscape,390x229,cover,50% 50%,,53,HIGH,
/cafe-berea/,mobile,img,https://www.kruispadhazeldean.co.za/wp-content/uploads/2025/09/cropped-Kruispad_Logo_Oranje.jpg,1450,589x436,landscape,80x80,fill,50% 50%,yes,26,MEDIUM,Kruispad Hazeldean Gemeente
/cafe-berea/,mobile,img,https://www.kruispadhazeldean.co.za/wp-content/uploads/2025/09/KPSTAFF-3-scaled-e1756884934460-300x300.jpg,3429,1673x1673,square,300x300,fill,50% 50%,,0,none,
/preke-en-media/preke/,desktop,img,https://www.kruispadhazeldean.co.za/wp-content/uploads/2025/09/cropped-KRUISPAD-66-scaled-1-1536x424.jpg,3568,2000x552,landscape,1440x183,cover,50% 50%,,54,HIGH,
/preke-en-media/preke/,desktop,img,https://www.kruispadhazeldean.co.za/wp-content/uploads/2025/09/cropped-Kruispad_Logo_Oranje.jpg,1450,589x436,landscape,80x80,fill,50% 50%,yes,26,MEDIUM,Kruispad Hazeldean Gemeente
/preke-en-media/preke/,desktop,img,https://www.kruispadhazeldean.co.za/wp-content/uploads/2021/02/youtube.jpg,2276,1200x675,landscape,413x377,fill,50% 50%,,0,none,
/preke-en-media/preke/,mobile,img,https://www.kruispadhazeldean.co.za/wp-content/uploads/2025/09/cropped-KRUISPAD-66-scaled-1-1024x283.jpg,3568,2000x552,landscape,390x229,cover,50% 50%,,53,HIGH,
/preke-en-media/preke/,mobile,img,https://www.kruispadhazeldean.co.za/wp-content/uploads/2025/09/cropped-Kruispad_Logo_Oranje.jpg,1450,589x436,landscape,80x80,fill,50% 50%,yes,26,MEDIUM,Kruispad Hazeldean Gemeente
/preke-en-media/preke/,mobile,img,https://www.kruispadhazeldean.co.za/wp-content/uploads/2026/09/mobile_874723-99.avif,4116,740x740,square,184x184,fill,50% 50%,,0,none,
/groepe/,desktop,img,https://www.kruispadhazeldean.co.za/wp-content/uploads/2025/09/cropped-KRUISPAD-66-scaled-1-1536x424.jpg,3568,2000x552,landscape,1440x183,cover,50% 50%,,54,HIGH,
/groepe/,desktop,img,https://www.kruispadhazeldean.co.za/wp-content/uploads/2025/09/cropped-Kruispad_Logo_Oranje.jpg,1450,589x436,landscape,80x80,fill,50% 50%,yes,26,MEDIUM,Kruispad Hazeldean Gemeente
/groepe/,desktop,img,https://www.kruispadhazeldean.co.za/wp-content/uploads/2025/09/Black-Yellow-Modern-Young-Creative-Podcast-Instagram-Post.png,3861,1080x1080,square,564x500,cover,50% 50%,,11,LOW,
/groepe/,desktop,img,https://www.kruispadhazeldean.co.za/wp-content/uploads/2025/09/Green-Organic-Tea-Its-time-for-Tea-Your-Story.png,3876,940x788,landscape,518x456,fill,50% 50%,,0,none,
/groepe/,mobile,img,https://www.kruispadhazeldean.co.za/wp-content/uploads/2025/09/cropped-KRUISPAD-66-scaled-1-1024x283.jpg,3568,2000x552,landscape,390x229,cover,50% 50%,,53,HIGH,
/groepe/,mobile,img,https://www.kruispadhazeldean.co.za/wp-content/uploads/2025/09/cropped-Kruispad_Logo_Oranje.jpg,1450,589x436,landscape,80x80,fill,50% 50%,yes,26,MEDIUM,Kruispad Hazeldean Gemeente
/groepe/,mobile,img,https://www.kruispadhazeldean.co.za/wp-content/uploads/2025/09/Black-Yellow-Modern-Young-Creative-Podcast-Instagram-Post-1024x1024.png,3861,1080x1080,square,306x500,cover,50% 50%,,39,MEDIUM,
/groepe/,mobile,img,https://www.kruispadhazeldean.co.za/wp-content/uploads/2025/09/Green-Organic-Tea-Its-time-for-Tea-Your-Story.png,3876,940x788,landscape,322x456,fill,50% 50%,,0,none,
/meer-oor-ons/span/,desktop,img,https://www.kruispadhazeldean.co.za/wp-content/uploads/2025/09/cropped-KRUISPAD-66-scaled-1-1536x424.jpg,3568,2000x552,landscape,1440x183,cover,50% 50%,,54,HIGH,
/meer-oor-ons/span/,desktop,img,https://www.kruispadhazeldean.co.za/wp-content/uploads/2025/09/cropped-Kruispad_Logo_Oranje.jpg,1450,589x436,landscape,80x80,fill,50% 50%,yes,26,MEDIUM,Kruispad Hazeldean Gemeente
/meer-oor-ons/span/,desktop,img,https://www.kruispadhazeldean.co.za/wp-content/uploads/elementor/thumbs/KPSTAFF-6-scaled-rb7cah8350dx0f3aldb1fr5rg0lqx09th8e466bohk.jpg,,300x300,,236x236,fill,50% 50%,,0,none,KPSTAFF-6
/meer-oor-ons/span/,desktop,img,https://www.kruispadhazeldean.co.za/wp-content/uploads/elementor/thumbs/7a09c0d2-65c7-4f92-bd32-8f43a01f214d-p38f4ux0a8xdppbdpb8xfpdmyczx7xvd1t6sl08ed4.jpg,,300x300,,234x234,fill,50% 50%,,0,none,7a09c0d2-65c7-4f92-bd32-8f43a01f214d
/meer-oor-ons/span/,desktop,img,https://www.kruispadhazeldean.co.za/wp-content/uploads/elementor/thumbs/KPSTAFF-4-scaled-rb7cg80kwk8zymqx1uoyoaz64sahyf2rlnwxr1t2go.jpg,,300x300,,238x238,fill,50% 50%,,0,none,KPSTAFF-4
/meer-oor-ons/span/,desktop,img,https://www.kruispadhazeldean.co.za/wp-content/uploads/elementor/thumbs/KPSTAFF-8-scaled-rb7cd0efjxuqaleusypunm5h2e4cnnbs5ro7q0khq0.jpg,,300x300,,231x231,fill,50% 50%,,0,none,KPSTAFF-8
/meer-oor-ons/span/,mobile,img,https://www.kruispadhazeldean.co.za/wp-content/uploads/2025/09/cropped-KRUISPAD-66-scaled-1-1024x283.jpg,3568,2000x552,landscape,390x229,cover,50% 50%,,53,HIGH,
/meer-oor-ons/span/,mobile,img,https://www.kruispadhazeldean.co.za/wp-content/uploads/2025/09/cropped-Kruispad_Logo_Oranje.jpg,1450,589x436,landscape,80x80,fill,50% 50%,yes,26,MEDIUM,Kruispad Hazeldean Gemeente
/meer-oor-ons/span/,mobile,img,https://www.kruispadhazeldean.co.za/wp-content/uploads/elementor/thumbs/KPSTAFF-6-scaled-rb7cah8350dx0f3aldb1fr5rg0lqx09th8e466bohk.jpg,,300x300,,300x300,fill,50% 50%,,0,none,KPSTAFF-6
/meer-oor-ons/span/,mobile,img,https://www.kruispadhazeldean.co.za/wp-content/uploads/elementor/thumbs/7a09c0d2-65c7-4f92-bd32-8f43a01f214d-p38f4ux0a8xdppbdpb8xfpdmyczx7xvd1t6sl08ed4.jpg,,300x300,,300x300,fill,50% 50%,,0,none,7a09c0d2-65c7-4f92-bd32-8f43a01f214d
/meer-oor-ons/span/,mobile,img,https://www.kruispadhazeldean.co.za/wp-content/uploads/elementor/thumbs/KPSTAFF-4-scaled-rb7cg80kwk8zymqx1uoyoaz64sahyf2rlnwxr1t2go.jpg,,300x300,,300x300,fill,50% 50%,,0,none,KPSTAFF-4
/meer-oor-ons/span/,mobile,img,https://www.kruispadhazeldean.co.za/wp-content/uploads/elementor/thumbs/KPSTAFF-8-scaled-rb7cd0efjxuqaleusypunm5h2e4cnnbs5ro7q0khq0.jpg,,300x300,,300x300,fill,50% 50%,,0,none,KPSTAFF-8
/groepe/organisasies/,desktop,img,https://www.kruispadhazeldean.co.za/wp-content/uploads/2025/09/cropped-KRUISPAD-66-scaled-1-1536x424.jpg,3568,2000x552,landscape,1440x183,cover,50% 50%,,54,HIGH,
/groepe/organisasies/,desktop,img,https://www.kruispadhazeldean.co.za/wp-content/uploads/2025/09/cropped-Kruispad_Logo_Oranje.jpg,1450,589x436,landscape,80x80,fill,50% 50%,yes,26,MEDIUM,Kruispad Hazeldean Gemeente
/groepe/organisasies/,desktop,img,https://www.kruispadhazeldean.co.za/wp-content/uploads/2021/02/Untitled.jpg,2391,1296x739,landscape,466x268,fill,50% 50%,,0,none,
/groepe/organisasies/,desktop,img,https://www.kruispadhazeldean.co.za/wp-content/uploads/2021/02/13517638_632220273599094_1745208745569365393_o-1.jpg,2392,1215x900,landscape,434x323,fill,50% 50%,,0,none,
/groepe/organisasies/,mobile,img,https://www.kruispadhazeldean.co.za/wp-content/uploads/2025/09/cropped-KRUISPAD-66-scaled-1-1024x283.jpg,3568,2000x552,landscape,390x229,cover,50% 50%,,53,HIGH,
/groepe/organisasies/,mobile,img,https://www.kruispadhazeldean.co.za/wp-content/uploads/2025/09/cropped-Kruispad_Logo_Oranje.jpg,1450,589x436,landscape,80x80,fill,50% 50%,yes,26,MEDIUM,Kruispad Hazeldean Gemeente
/groepe/organisasies/,mobile,img,https://www.kruispadhazeldean.co.za/wp-content/uploads/2021/02/Untitled-1024x584.jpg,2391,1296x739,landscape,280x162,fill,50% 50%,,0,none,
/groepe/organisasies/,mobile,img,https://www.kruispadhazeldean.co.za/wp-content/uploads/2021/02/13517638_632220273599094_1745208745569365393_o-1-1024x759.jpg,2392,1215x900,landscape,280x323,fill,50% 50%,,0,none,
/dien/elios/,desktop,img,https://www.kruispadhazeldean.co.za/wp-content/uploads/2025/09/cropped-KRUISPAD-66-scaled-1-1536x424.jpg,3568,2000x552,landscape,1440x183,cover,50% 50%,,54,HIGH,
/dien/elios/,desktop,img,https://www.kruispadhazeldean.co.za/wp-content/uploads/2025/09/cropped-Kruispad_Logo_Oranje.jpg,1450,589x436,landscape,80x80,fill,50% 50%,yes,26,MEDIUM,Kruispad Hazeldean Gemeente
/dien/elios/,desktop,img,https://www.kruispadhazeldean.co.za/wp-content/uploads/2021/02/Untitled_Complete.jpg,2402,696x203,landscape,725x222,fill,50% 50%,,0,none,
/dien/elios/,mobile,img,https://www.kruispadhazeldean.co.za/wp-content/uploads/2025/09/cropped-KRUISPAD-66-scaled-1-1024x283.jpg,3568,2000x552,landscape,390x229,cover,50% 50%,,53,HIGH,
/dien/elios/,mobile,img,https://www.kruispadhazeldean.co.za/wp-content/uploads/2025/09/cropped-Kruispad_Logo_Oranje.jpg,1450,589x436,landscape,80x80,fill,50% 50%,yes,26,MEDIUM,Kruispad Hazeldean Gemeente
/dien/elios/,mobile,img,https://www.kruispadhazeldean.co.za/wp-content/uploads/2021/02/Untitled_Complete.jpg,2402,696x203,landscape,303x222,fill,50% 50%,,0,none,
/dien/kairos/,desktop,img,https://www.kruispadhazeldean.co.za/wp-content/uploads/2025/09/cropped-KRUISPAD-66-scaled-1-1536x424.jpg,3568,2000x552,landscape,1440x183,cover,50% 50%,,54,HIGH,
/dien/kairos/,desktop,img,https://www.kruispadhazeldean.co.za/wp-content/uploads/2025/09/cropped-Kruispad_Logo_Oranje.jpg,1450,589x436,landscape,80x80,fill,50% 50%,yes,26,MEDIUM,Kruispad Hazeldean Gemeente
/dien/kairos/,desktop,background,https://www.kruispadhazeldean.co.za/wp-content/uploads/2021/02/0.jpg,2119,1158x272,landscape,1440x900,auto,50% 50%,,0,none,
/dien/kairos/,mobile,img,https://www.kruispadhazeldean.co.za/wp-content/uploads/2025/09/cropped-KRUISPAD-66-scaled-1-1024x283.jpg,3568,2000x552,landscape,390x229,cover,50% 50%,,53,HIGH,
/dien/kairos/,mobile,img,https://www.kruispadhazeldean.co.za/wp-content/uploads/2025/09/cropped-Kruispad_Logo_Oranje.jpg,1450,589x436,landscape,80x80,fill,50% 50%,yes,26,MEDIUM,Kruispad Hazeldean Gemeente
/dien/kairos/,mobile,background,https://www.kruispadhazeldean.co.za/wp-content/uploads/2021/02/0.jpg,2119,1158x272,landscape,390x181,contain,50% 50%,,0,none,
/odos-kidz/,desktop,img,https://www.kruispadhazeldean.co.za/wp-content/uploads/2025/09/cropped-KRUISPAD-66-scaled-1-1536x424.jpg,3568,2000x552,landscape,1440x183,cover,50% 50%,,54,HIGH,
/odos-kidz/,desktop,img,https://www.kruispadhazeldean.co.za/wp-content/uploads/2025/09/cropped-Kruispad_Logo_Oranje.jpg,1450,589x436,landscape,80x80,fill,50% 50%,yes,26,MEDIUM,Kruispad Hazeldean Gemeente
/odos-kidz/,desktop,img,https://www.kruispadhazeldean.co.za/wp-content/uploads/2021/02/Odos-Kidz-Thumb-1-1536x1152.jpg,1813,2560x1919,landscape,466x351,fill,50% 50%,,0,none,
/odos-kidz/,desktop,img,https://www.kruispadhazeldean.co.za/wp-content/uploads/2021/02/Untitled001-1.png,1639,218x295,portrait,218x293,fill,50% 50%,,0,none,
/odos-kidz/,desktop,img,https://www.kruispadhazeldean.co.za/wp-content/uploads/2021/02/Odos-2.jpg,1696,222x295,portrait,222x293,fill,50% 50%,,0,none,
/odos-kidz/,desktop,img,https://www.kruispadhazeldean.co.za/wp-content/uploads/2021/02/Odos-3.jpg,1700,222x295,portrait,222x293,fill,50% 50%,,0,none,
/odos-kidz/,desktop,img,https://www.kruispadhazeldean.co.za/wp-content/uploads/2021/02/Odos-4.png,1704,218x295,portrait,218x293,fill,50% 50%,,0,none,
/odos-kidz/,desktop,img,https://www.kruispadhazeldean.co.za/wp-content/uploads/2021/02/Odos-5.png,1705,222x295,portrait,222x293,fill,50% 50%,,0,none,
/odos-kidz/,desktop,img,https://www.kruispadhazeldean.co.za/wp-content/uploads/2021/02/Odos-6.png,1709,222x295,portrait,222x293,fill,50% 50%,,0,none,
/odos-kidz/,desktop,img,https://www.kruispadhazeldean.co.za/wp-content/uploads/2021/02/Odos-7.jpg,1711,222x295,portrait,222x293,fill,50% 50%,,0,none,
/odos-kidz/,desktop,img,https://www.kruispadhazeldean.co.za/wp-content/uploads/2021/02/Odos-8.png,1712,222x295,portrait,222x293,fill,50% 50%,,0,none,
/odos-kidz/,desktop,img,https://www.kruispadhazeldean.co.za/wp-content/uploads/2021/02/Odos-9.jpg,1716,222x295,portrait,222x293,fill,50% 50%,,0,none,
/odos-kidz/,desktop,img,https://www.kruispadhazeldean.co.za/wp-content/uploads/2021/02/Odos-10.jpg,1720,222x295,portrait,222x293,fill,50% 50%,,0,none,
/odos-kidz/,desktop,background,https://www.kruispadhazeldean.co.za/wp-content/uploads/2021/02/Kidz-Static-2-1-scaled.jpg,2035,2560x1920,landscape,1440x900,cover,50% 0%,,17,LOW,
/odos-kidz/,mobile,img,https://www.kruispadhazeldean.co.za/wp-content/uploads/2025/09/cropped-KRUISPAD-66-scaled-1-1024x283.jpg,3568,2000x552,landscape,390x229,cover,50% 50%,,53,HIGH,
/odos-kidz/,mobile,img,https://www.kruispadhazeldean.co.za/wp-content/uploads/2025/09/cropped-Kruispad_Logo_Oranje.jpg,1450,589x436,landscape,80x80,fill,50% 50%,yes,26,MEDIUM,Kruispad Hazeldean Gemeente
/odos-kidz/,mobile,img,https://www.kruispadhazeldean.co.za/wp-content/uploads/2021/02/Odos-Kidz-Thumb-1-1024x768.jpg,1813,2560x1919,landscape,280x212,fill,50% 50%,,0,none,
/odos-kidz/,mobile,img,https://www.kruispadhazeldean.co.za/wp-content/uploads/2021/02/Untitled001-1.png,1639,218x295,portrait,218x293,fill,50% 50%,,0,none,
/odos-kidz/,mobile,img,https://www.kruispadhazeldean.co.za/wp-content/uploads/2021/02/Odos-2.jpg,1696,222x295,portrait,222x293,fill,50% 50%,,0,none,
/odos-kidz/,mobile,img,https://www.kruispadhazeldean.co.za/wp-content/uploads/2021/02/Odos-3.jpg,1700,222x295,portrait,222x293,fill,50% 50%,,0,none,
/odos-kidz/,mobile,img,https://www.kruispadhazeldean.co.za/wp-content/uploads/2021/02/Odos-4.png,1704,218x295,portrait,218x293,fill,50% 50%,,0,none,
/odos-kidz/,mobile,img,https://www.kruispadhazeldean.co.za/wp-content/uploads/2021/02/Odos-5.png,1705,222x295,portrait,222x293,fill,50% 50%,,0,none,
/odos-kidz/,mobile,img,https://www.kruispadhazeldean.co.za/wp-content/uploads/2021/02/Odos-6.png,1709,222x295,portrait,222x293,fill,50% 50%,,0,none,
/odos-kidz/,mobile,img,https://www.kruispadhazeldean.co.za/wp-content/uploads/2021/02/Odos-7.jpg,1711,222x295,portrait,222x293,fill,50% 50%,,0,none,
/odos-kidz/,mobile,img,https://www.kruispadhazeldean.co.za/wp-content/uploads/2021/02/Odos-8.png,1712,222x295,portrait,222x293,fill,50% 50%,,0,none,
/odos-kidz/,mobile,img,https://www.kruispadhazeldean.co.za/wp-content/uploads/2021/02/Odos-9.jpg,1716,222x295,portrait,222x293,fill,50% 50%,,0,none,
/odos-kidz/,mobile,img,https://www.kruispadhazeldean.co.za/wp-content/uploads/2021/02/Odos-10.jpg,1720,222x295,portrait,222x293,fill,50% 50%,,0,none,
/odos-kidz/,mobile,background,https://www.kruispadhazeldean.co.za/wp-content/uploads/2021/02/Kidz-Static-2-1-scaled.jpg,2035,2560x1920,landscape,390x453,cover,50% 0%,,35,MEDIUM,
/home/bydraes/,desktop,img,https://www.kruispadhazeldean.co.za/wp-content/uploads/2025/09/cropped-KRUISPAD-66-scaled-1-1536x424.jpg,3568,2000x552,landscape,1440x183,cover,50% 50%,,54,HIGH,
/home/bydraes/,desktop,img,https://www.kruispadhazeldean.co.za/wp-content/uploads/2025/09/cropped-Kruispad_Logo_Oranje.jpg,1450,589x436,landscape,80x80,fill,50% 50%,yes,26,MEDIUM,Kruispad Hazeldean Gemeente
/home/bydraes/,desktop,img,https://www.kruispadhazeldean.co.za/wp-content/uploads/2021/02/a1706e85-8793-4202-bbd3-b4d54d013249.jpg,2018,955x860,landscape,955x861,fill,50% 50%,,0,none,
/home/bydraes/,desktop,background,https://www.kruispadhazeldean.co.za/wp-content/uploads/2021/04/Image-11-1-scaled.jpg,2870,2560x1172,landscape,1440x496,cover,50% 50%,,25,MEDIUM,
/home/bydraes/,desktop,background,https://www.kruispadhazeldean.co.za/wp-content/uploads/2021/04/Image-9-1-scaled.jpg,1653,2560x1914,landscape,1440x496,cover,50% 50%,,54,HIGH,
/home/bydraes/,desktop,background,https://www.kruispadhazeldean.co.za/wp-content/uploads/2021/04/Image-7-1-scaled.jpg,1651,2560x1925,landscape,1440x496,cover,50% 50%,,54,HIGH,
/home/bydraes/,desktop,background,https://www.kruispadhazeldean.co.za/wp-content/uploads/2021/04/Image-6-1-scaled.jpg,1650,2560x1934,landscape,1440x496,cover,50% 50%,,54,HIGH,
/home/bydraes/,desktop,background,https://www.kruispadhazeldean.co.za/wp-content/uploads/2021/04/Image-5-1-scaled.jpg,1649,2560x1921,landscape,1440x496,cover,50% 50%,,54,HIGH,
/home/bydraes/,desktop,background,https://www.kruispadhazeldean.co.za/wp-content/uploads/2021/04/Image-2-1-scaled.jpg,1646,2560x1923,landscape,1440x496,cover,50% 50%,,54,HIGH,
/home/bydraes/,desktop,background,https://www.kruispadhazeldean.co.za/wp-content/uploads/2021/04/Image-11-1-scaled.jpg,2870,2560x1172,landscape,1440x496,cover,50% 50%,,25,MEDIUM,
/home/bydraes/,desktop,background,https://www.kruispadhazeldean.co.za/wp-content/uploads/2021/04/Image-9-1-scaled.jpg,1653,2560x1914,landscape,1440x496,cover,50% 50%,,54,HIGH,
/home/bydraes/,desktop,background,https://www.kruispadhazeldean.co.za/wp-content/uploads/2021/04/Image-7-1-scaled.jpg,1651,2560x1925,landscape,1440x496,cover,50% 50%,,54,HIGH,
/home/bydraes/,desktop,background,https://www.kruispadhazeldean.co.za/wp-content/uploads/2021/04/Image-6-1-scaled.jpg,1650,2560x1934,landscape,1440x496,cover,50% 50%,,54,HIGH,
/home/bydraes/,desktop,background,https://www.kruispadhazeldean.co.za/wp-content/uploads/2021/04/Image-5-1-scaled.jpg,1649,2560x1921,landscape,1440x496,cover,50% 50%,,54,HIGH,
/home/bydraes/,desktop,background,https://www.kruispadhazeldean.co.za/wp-content/uploads/2021/04/Image-2-1-scaled.jpg,1646,2560x1923,landscape,1440x496,cover,50% 50%,,54,HIGH,
/home/bydraes/,desktop,background,https://www.kruispadhazeldean.co.za/wp-content/uploads/2021/04/Image-11-1-scaled.jpg,2870,2560x1172,landscape,1440x496,cover,50% 50%,,25,MEDIUM,
/home/bydraes/,desktop,background,https://www.kruispadhazeldean.co.za/wp-content/uploads/2021/04/Image-9-1-scaled.jpg,1653,2560x1914,landscape,1440x496,cover,50% 50%,,54,HIGH,
/home/bydraes/,desktop,background,https://www.kruispadhazeldean.co.za/wp-content/uploads/2021/04/Image-7-1-scaled.jpg,1651,2560x1925,landscape,1440x496,cover,50% 50%,,54,HIGH,
/home/bydraes/,desktop,background,https://www.kruispadhazeldean.co.za/wp-content/uploads/2021/04/Image-6-1-scaled.jpg,1650,2560x1934,landscape,1440x496,cover,50% 50%,,54,HIGH,
/home/bydraes/,desktop,background,https://www.kruispadhazeldean.co.za/wp-content/uploads/2021/04/Image-5-1-scaled.jpg,1649,2560x1921,landscape,1440x496,cover,50% 50%,,54,HIGH,
/home/bydraes/,desktop,background,https://www.kruispadhazeldean.co.za/wp-content/uploads/2021/04/Image-2-1-scaled.jpg,1646,2560x1923,landscape,1440x496,cover,50% 50%,,54,HIGH,
/home/bydraes/,desktop,background,https://www.kruispadhazeldean.co.za/wp-content/uploads/2021/04/Image-6-1-scaled.jpg,1650,2560x1934,landscape,1240x296,auto,0% 0%,,0,none,
/home/bydraes/,mobile,img,https://www.kruispadhazeldean.co.za/wp-content/uploads/2025/09/cropped-KRUISPAD-66-scaled-1-1024x283.jpg,3568,2000x552,landscape,390x229,cover,50% 50%,,53,HIGH,
/home/bydraes/,mobile,img,https://www.kruispadhazeldean.co.za/wp-content/uploads/2025/09/cropped-Kruispad_Logo_Oranje.jpg,1450,589x436,landscape,80x80,fill,50% 50%,yes,26,MEDIUM,Kruispad Hazeldean Gemeente
/home/bydraes/,mobile,img,https://www.kruispadhazeldean.co.za/wp-content/uploads/2021/02/a1706e85-8793-4202-bbd3-b4d54d013249.jpg,2018,955x860,landscape,370x334,fill,50% 50%,,0,none,
/home/bydraes/,mobile,background,https://www.kruispadhazeldean.co.za/wp-content/uploads/2021/04/Image-11-1-scaled.jpg,2870,2560x1172,landscape,390x367,cover,50% 50%,,51,HIGH,
/home/bydraes/,mobile,background,https://www.kruispadhazeldean.co.za/wp-content/uploads/2021/04/Image-9-1-scaled.jpg,1653,2560x1914,landscape,390x367,cover,50% 50%,,21,LOW,
/home/bydraes/,mobile,background,https://www.kruispadhazeldean.co.za/wp-content/uploads/2021/04/Image-7-1-scaled.jpg,1651,2560x1925,landscape,390x367,cover,50% 50%,,20,LOW,
/home/bydraes/,mobile,background,https://www.kruispadhazeldean.co.za/wp-content/uploads/2021/04/Image-6-1-scaled.jpg,1650,2560x1934,landscape,390x367,cover,50% 50%,,20,LOW,
/home/bydraes/,mobile,background,https://www.kruispadhazeldean.co.za/wp-content/uploads/2021/04/Image-5-1-scaled.jpg,1649,2560x1921,landscape,390x367,cover,50% 50%,,20,LOW,
/home/bydraes/,mobile,background,https://www.kruispadhazeldean.co.za/wp-content/uploads/2021/04/Image-2-1-scaled.jpg,1646,2560x1923,landscape,390x367,cover,50% 50%,,20,LOW,
/home/bydraes/,mobile,background,https://www.kruispadhazeldean.co.za/wp-content/uploads/2021/04/Image-11-1-scaled.jpg,2870,2560x1172,landscape,390x367,cover,50% 50%,,51,HIGH,
/home/bydraes/,mobile,background,https://www.kruispadhazeldean.co.za/wp-content/uploads/2021/04/Image-9-1-scaled.jpg,1653,2560x1914,landscape,390x367,cover,50% 50%,,21,LOW,
/home/bydraes/,mobile,background,https://www.kruispadhazeldean.co.za/wp-content/uploads/2021/04/Image-7-1-scaled.jpg,1651,2560x1925,landscape,390x367,cover,50% 50%,,20,LOW,
/home/bydraes/,mobile,background,https://www.kruispadhazeldean.co.za/wp-content/uploads/2021/04/Image-6-1-scaled.jpg,1650,2560x1934,landscape,390x367,cover,50% 50%,,20,LOW,
/home/bydraes/,mobile,background,https://www.kruispadhazeldean.co.za/wp-content/uploads/2021/04/Image-5-1-scaled.jpg,1649,2560x1921,landscape,390x367,cover,50% 50%,,20,LOW,
/home/bydraes/,mobile,background,https://www.kruispadhazeldean.co.za/wp-content/uploads/2021/04/Image-2-1-scaled.jpg,1646,2560x1923,landscape,390x367,cover,50% 50%,,20,LOW,
/home/bydraes/,mobile,background,https://www.kruispadhazeldean.co.za/wp-content/uploads/2021/04/Image-11-1-scaled.jpg,2870,2560x1172,landscape,390x367,cover,50% 50%,,51,HIGH,
/home/bydraes/,mobile,background,https://www.kruispadhazeldean.co.za/wp-content/uploads/2021/04/Image-9-1-scaled.jpg,1653,2560x1914,landscape,390x367,cover,50% 50%,,21,LOW,
/home/bydraes/,mobile,background,https://www.kruispadhazeldean.co.za/wp-content/uploads/2021/04/Image-7-1-scaled.jpg,1651,2560x1925,landscape,390x367,cover,50% 50%,,20,LOW,
/home/bydraes/,mobile,background,https://www.kruispadhazeldean.co.za/wp-content/uploads/2021/04/Image-6-1-scaled.jpg,1650,2560x1934,landscape,390x367,cover,50% 50%,,20,LOW,
/home/bydraes/,mobile,background,https://www.kruispadhazeldean.co.za/wp-content/uploads/2021/04/Image-5-1-scaled.jpg,1649,2560x1921,landscape,390x367,cover,50% 50%,,20,LOW,
/home/bydraes/,mobile,background,https://www.kruispadhazeldean.co.za/wp-content/uploads/2021/04/Image-2-1-scaled.jpg,1646,2560x1923,landscape,390x367,cover,50% 50%,,20,LOW,
/2026-kalender/,desktop,img,https://www.kruispadhazeldean.co.za/wp-content/uploads/2025/09/cropped-KRUISPAD-66-scaled-1-1536x424.jpg,3568,2000x552,landscape,1440x183,cover,50% 50%,,54,HIGH,
/2026-kalender/,desktop,img,https://www.kruispadhazeldean.co.za/wp-content/uploads/2025/09/cropped-Kruispad_Logo_Oranje.jpg,1450,589x436,landscape,80x80,fill,50% 50%,yes,26,MEDIUM,Kruispad Hazeldean Gemeente
/2026-kalender/,mobile,img,https://www.kruispadhazeldean.co.za/wp-content/uploads/2025/09/cropped-KRUISPAD-66-scaled-1-1024x283.jpg,3568,2000x552,landscape,390x229,cover,50% 50%,,53,HIGH,
/2026-kalender/,mobile,img,https://www.kruispadhazeldean.co.za/wp-content/uploads/2025/09/cropped-Kruispad_Logo_Oranje.jpg,1450,589x436,landscape,80x80,fill,50% 50%,yes,26,MEDIUM,Kruispad Hazeldean Gemeente
/category/uncategorized/,desktop,img,https://www.kruispadhazeldean.co.za/wp-content/uploads/2025/09/cropped-KRUISPAD-66-scaled-1-1536x424.jpg,3568,2000x552,landscape,1440x183,cover,50% 50%,,54,HIGH,
/category/uncategorized/,desktop,img,https://www.kruispadhazeldean.co.za/wp-content/uploads/2025/09/cropped-Kruispad_Logo_Oranje.jpg,1450,589x436,landscape,80x80,fill,50% 50%,yes,26,MEDIUM,Kruispad Hazeldean Gemeente
/category/uncategorized/,desktop,img,https://www.kruispadhazeldean.co.za/wp-content/uploads/2020/09/rsz_17390621_1571347679559848_7813712227570444759_o-300x100.jpg,,,,300x100,fill,50% 50%,,0,none,
/category/uncategorized/,mobile,img,https://www.kruispadhazeldean.co.za/wp-content/uploads/2025/09/cropped-KRUISPAD-66-scaled-1-1024x283.jpg,3568,2000x552,landscape,390x199,cover,50% 50%,,46,MEDIUM,
/category/uncategorized/,mobile,img,https://www.kruispadhazeldean.co.za/wp-content/uploads/2025/09/cropped-Kruispad_Logo_Oranje.jpg,1450,589x436,landscape,80x80,fill,50% 50%,yes,26,MEDIUM,Kruispad Hazeldean Gemeente
/category/uncategorized/,mobile,img,https://www.kruispadhazeldean.co.za/wp-content/uploads/2020/09/rsz_17390621_1571347679559848_7813712227570444759_o-300x100.jpg,,,,300x100,fill,50% 50%,,0,none,
/author/admin/,desktop,img,https://www.kruispadhazeldean.co.za/wp-content/uploads/2025/09/cropped-KRUISPAD-66-scaled-1-1536x424.jpg,3568,2000x552,landscape,1440x183,cover,50% 50%,,54,HIGH,
/author/admin/,desktop,img,https://www.kruispadhazeldean.co.za/wp-content/uploads/2025/09/cropped-Kruispad_Logo_Oranje.jpg,1450,589x436,landscape,80x80,fill,50% 50%,yes,26,MEDIUM,Kruispad Hazeldean Gemeente
/author/admin/,desktop,img,https://www.kruispadhazeldean.co.za/wp-content/uploads/2020/09/rsz_17390621_1571347679559848_7813712227570444759_o-300x100.jpg,,,,300x100,fill,50% 50%,,0,none,
/author/admin/,mobile,img,https://www.kruispadhazeldean.co.za/wp-content/uploads/2025/09/cropped-KRUISPAD-66-scaled-1-1024x283.jpg,3568,2000x552,landscape,390x199,cover,50% 50%,,46,MEDIUM,
/author/admin/,mobile,img,https://www.kruispadhazeldean.co.za/wp-content/uploads/2025/09/cropped-Kruispad_Logo_Oranje.jpg,1450,589x436,landscape,80x80,fill,50% 50%,yes,26,MEDIUM,Kruispad Hazeldean Gemeente
/author/admin/,mobile,img,https://www.kruispadhazeldean.co.za/wp-content/uploads/2020/09/rsz_17390621_1571347679559848_7813712227570444759_o-300x100.jpg,,,,300x100,fill,50% 50%,,0,none,
/preke-en-media/kruispad-erediens/,desktop,img,https://www.kruispadhazeldean.co.za/wp-content/uploads/2025/09/cropped-KRUISPAD-66-scaled-1-1536x424.jpg,3568,2000x552,landscape,1440x183,cover,50% 50%,,54,HIGH,
/preke-en-media/kruispad-erediens/,desktop,img,https://www.kruispadhazeldean.co.za/wp-content/uploads/2025/09/cropped-Kruispad_Logo_Oranje.jpg,1450,589x436,landscape,80x80,fill,50% 50%,yes,26,MEDIUM,Kruispad Hazeldean Gemeente
/preke-en-media/kruispad-erediens/,desktop,background,https://www.kruispadhazeldean.co.za/wp-content/uploads/2025/09/KPmoments-49-scaled.jpg,3638,1707x2560,portrait,1230x508,cover,50% 50%,,72,HIGH,
/preke-en-media/kruispad-erediens/,desktop,background,https://www.kruispadhazeldean.co.za/wp-content/uploads/2025/09/KPmoments-33-scaled.jpg,3637,2560x1707,landscape,1230x508,cover,50% 50%,,38,MEDIUM,
/preke-en-media/kruispad-erediens/,desktop,background,https://www.kruispadhazeldean.co.za/wp-content/uploads/2025/09/KPmoments-26-1-scaled.jpg,3636,2560x1707,landscape,1230x508,cover,50% 50%,,38,MEDIUM,
/preke-en-media/kruispad-erediens/,desktop,background,https://www.kruispadhazeldean.co.za/wp-content/uploads/2025/09/KPmoments-18-scaled.jpg,3635,2560x1707,landscape,1230x508,cover,50% 50%,,38,MEDIUM,
/preke-en-media/kruispad-erediens/,desktop,background,https://www.kruispadhazeldean.co.za/wp-content/uploads/2025/09/KPmoments-8-scaled.jpg,3633,1707x2560,portrait,1230x508,cover,50% 50%,,72,HIGH,
/preke-en-media/kruispad-erediens/,desktop,background,https://www.kruispadhazeldean.co.za/wp-content/uploads/2025/09/KPmoments-3-scaled.jpg,3631,1706x2560,portrait,1230x508,cover,50% 50%,,72,HIGH,
/preke-en-media/kruispad-erediens/,desktop,background,https://www.kruispadhazeldean.co.za/wp-content/uploads/2025/09/KPmoments-49-scaled.jpg,3638,1707x2560,portrait,1230x508,cover,50% 50%,,72,HIGH,
/preke-en-media/kruispad-erediens/,desktop,background,https://www.kruispadhazeldean.co.za/wp-content/uploads/2025/09/KPmoments-33-scaled.jpg,3637,2560x1707,landscape,1230x508,cover,50% 50%,,38,MEDIUM,
/preke-en-media/kruispad-erediens/,desktop,background,https://www.kruispadhazeldean.co.za/wp-content/uploads/2025/09/KPmoments-26-1-scaled.jpg,3636,2560x1707,landscape,1230x508,cover,50% 50%,,38,MEDIUM,
/preke-en-media/kruispad-erediens/,desktop,background,https://www.kruispadhazeldean.co.za/wp-content/uploads/2025/09/KPmoments-18-scaled.jpg,3635,2560x1707,landscape,1230x508,cover,50% 50%,,38,MEDIUM,
/preke-en-media/kruispad-erediens/,desktop,background,https://www.kruispadhazeldean.co.za/wp-content/uploads/2025/09/KPmoments-8-scaled.jpg,3633,1707x2560,portrait,1230x508,cover,50% 50%,,72,HIGH,
/preke-en-media/kruispad-erediens/,desktop,background,https://www.kruispadhazeldean.co.za/wp-content/uploads/2025/09/KPmoments-3-scaled.jpg,3631,1706x2560,portrait,1230x508,cover,50% 50%,,72,HIGH,
/preke-en-media/kruispad-erediens/,desktop,background,https://www.kruispadhazeldean.co.za/wp-content/uploads/2025/09/KPmoments-49-scaled.jpg,3638,1707x2560,portrait,1230x508,cover,50% 50%,,72,HIGH,
/preke-en-media/kruispad-erediens/,desktop,background,https://www.kruispadhazeldean.co.za/wp-content/uploads/2025/09/KPmoments-33-scaled.jpg,3637,2560x1707,landscape,1230x508,cover,50% 50%,,38,MEDIUM,
/preke-en-media/kruispad-erediens/,desktop,background,https://www.kruispadhazeldean.co.za/wp-content/uploads/2025/09/KPmoments-26-1-scaled.jpg,3636,2560x1707,landscape,1230x508,cover,50% 50%,,38,MEDIUM,
/preke-en-media/kruispad-erediens/,desktop,background,https://www.kruispadhazeldean.co.za/wp-content/uploads/2025/09/KPmoments-18-scaled.jpg,3635,2560x1707,landscape,1230x508,cover,50% 50%,,38,MEDIUM,
/preke-en-media/kruispad-erediens/,desktop,background,https://www.kruispadhazeldean.co.za/wp-content/uploads/2025/09/KPmoments-8-scaled.jpg,3633,1707x2560,portrait,1230x508,cover,50% 50%,,72,HIGH,
/preke-en-media/kruispad-erediens/,desktop,background,https://www.kruispadhazeldean.co.za/wp-content/uploads/2025/09/KPmoments-3-scaled.jpg,3631,1706x2560,portrait,1230x508,cover,50% 50%,,72,HIGH,
/preke-en-media/kruispad-erediens/,mobile,img,https://www.kruispadhazeldean.co.za/wp-content/uploads/2025/09/cropped-KRUISPAD-66-scaled-1-1024x283.jpg,3568,2000x552,landscape,390x229,cover,50% 50%,,53,HIGH,
/preke-en-media/kruispad-erediens/,mobile,img,https://www.kruispadhazeldean.co.za/wp-content/uploads/2025/09/cropped-Kruispad_Logo_Oranje.jpg,1450,589x436,landscape,80x80,fill,50% 50%,yes,26,MEDIUM,Kruispad Hazeldean Gemeente
/preke-en-media/kruispad-erediens/,mobile,background,https://www.kruispadhazeldean.co.za/wp-content/uploads/2025/09/KPmoments-49-scaled.jpg,3638,1707x2560,portrait,390x208,contain,50% 50%,,0,none,
/preke-en-media/kruispad-erediens/,mobile,background,https://www.kruispadhazeldean.co.za/wp-content/uploads/2025/09/KPmoments-33-scaled.jpg,3637,2560x1707,landscape,390x208,contain,50% 50%,,0,none,
/preke-en-media/kruispad-erediens/,mobile,background,https://www.kruispadhazeldean.co.za/wp-content/uploads/2025/09/KPmoments-26-1-scaled.jpg,3636,2560x1707,landscape,390x208,contain,50% 50%,,0,none,
/preke-en-media/kruispad-erediens/,mobile,background,https://www.kruispadhazeldean.co.za/wp-content/uploads/2025/09/KPmoments-18-scaled.jpg,3635,2560x1707,landscape,390x208,contain,50% 50%,,0,none,
/preke-en-media/kruispad-erediens/,mobile,background,https://www.kruispadhazeldean.co.za/wp-content/uploads/2025/09/KPmoments-8-scaled.jpg,3633,1707x2560,portrait,390x208,contain,50% 50%,,0,none,
/preke-en-media/kruispad-erediens/,mobile,background,https://www.kruispadhazeldean.co.za/wp-content/uploads/2025/09/KPmoments-3-scaled.jpg,3631,1706x2560,portrait,390x208,contain,50% 50%,,0,none,
/preke-en-media/kruispad-erediens/,mobile,background,https://www.kruispadhazeldean.co.za/wp-content/uploads/2025/09/KPmoments-49-scaled.jpg,3638,1707x2560,portrait,390x208,contain,50% 50%,,0,none,
/preke-en-media/kruispad-erediens/,mobile,background,https://www.kruispadhazeldean.co.za/wp-content/uploads/2025/09/KPmoments-33-scaled.jpg,3637,2560x1707,landscape,390x208,contain,50% 50%,,0,none,
/preke-en-media/kruispad-erediens/,mobile,background,https://www.kruispadhazeldean.co.za/wp-content/uploads/2025/09/KPmoments-26-1-scaled.jpg,3636,2560x1707,landscape,390x208,contain,50% 50%,,0,none,
/preke-en-media/kruispad-erediens/,mobile,background,https://www.kruispadhazeldean.co.za/wp-content/uploads/2025/09/KPmoments-18-scaled.jpg,3635,2560x1707,landscape,390x208,contain,50% 50%,,0,none,
/preke-en-media/kruispad-erediens/,mobile,background,https://www.kruispadhazeldean.co.za/wp-content/uploads/2025/09/KPmoments-8-scaled.jpg,3633,1707x2560,portrait,390x208,contain,50% 50%,,0,none,
/preke-en-media/kruispad-erediens/,mobile,background,https://www.kruispadhazeldean.co.za/wp-content/uploads/2025/09/KPmoments-3-scaled.jpg,3631,1706x2560,portrait,390x208,contain,50% 50%,,0,none,
/preke-en-media/kruispad-erediens/,mobile,background,https://www.kruispadhazeldean.co.za/wp-content/uploads/2025/09/KPmoments-49-scaled.jpg,3638,1707x2560,portrait,390x208,contain,50% 50%,,0,none,
/preke-en-media/kruispad-erediens/,mobile,background,https://www.kruispadhazeldean.co.za/wp-content/uploads/2025/09/KPmoments-33-scaled.jpg,3637,2560x1707,landscape,390x208,contain,50% 50%,,0,none,
/preke-en-media/kruispad-erediens/,mobile,background,https://www.kruispadhazeldean.co.za/wp-content/uploads/2025/09/KPmoments-26-1-scaled.jpg,3636,2560x1707,landscape,390x208,contain,50% 50%,,0,none,
/preke-en-media/kruispad-erediens/,mobile,background,https://www.kruispadhazeldean.co.za/wp-content/uploads/2025/09/KPmoments-18-scaled.jpg,3635,2560x1707,landscape,390x208,contain,50% 50%,,0,none,
/preke-en-media/kruispad-erediens/,mobile,background,https://www.kruispadhazeldean.co.za/wp-content/uploads/2025/09/KPmoments-8-scaled.jpg,3633,1707x2560,portrait,390x208,contain,50% 50%,,0,none,
/preke-en-media/kruispad-erediens/,mobile,background,https://www.kruispadhazeldean.co.za/wp-content/uploads/2025/09/KPmoments-3-scaled.jpg,3631,1706x2560,portrait,390x208,contain,50% 50%,,0,none,
/preke-en-media/cafe-berea/,desktop,img,https://www.kruispadhazeldean.co.za/wp-content/uploads/2025/09/cropped-KRUISPAD-66-scaled-1-1536x424.jpg,3568,2000x552,landscape,1440x183,cover,50% 50%,,54,HIGH,
/preke-en-media/cafe-berea/,desktop,img,https://www.kruispadhazeldean.co.za/wp-content/uploads/2025/09/cropped-Kruispad_Logo_Oranje.jpg,1450,589x436,landscape,80x80,fill,50% 50%,yes,26,MEDIUM,Kruispad Hazeldean Gemeente
/preke-en-media/cafe-berea/,desktop,img,https://www.kruispadhazeldean.co.za/wp-content/uploads/2025/09/KPSTAFF-3-scaled-e1756884934460-300x300.jpg,3429,1673x1673,square,300x300,fill,50% 50%,,0,none,
/preke-en-media/cafe-berea/,mobile,img,https://www.kruispadhazeldean.co.za/wp-content/uploads/2025/09/cropped-KRUISPAD-66-scaled-1-1024x283.jpg,3568,2000x552,landscape,390x229,cover,50% 50%,,53,HIGH,
/preke-en-media/cafe-berea/,mobile,img,https://www.kruispadhazeldean.co.za/wp-content/uploads/2025/09/cropped-Kruispad_Logo_Oranje.jpg,1450,589x436,landscape,80x80,fill,50% 50%,yes,26,MEDIUM,Kruispad Hazeldean Gemeente
/preke-en-media/cafe-berea/,mobile,img,https://www.kruispadhazeldean.co.za/wp-content/uploads/2025/09/KPSTAFF-3-scaled-e1756884934460-300x300.jpg,3429,1673x1673,square,300x300,fill,50% 50%,,0,none,
/home/odos-kidz/,desktop,img,https://www.kruispadhazeldean.co.za/wp-content/uploads/2025/09/cropped-KRUISPAD-66-scaled-1-1536x424.jpg,3568,2000x552,landscape,1440x183,cover,50% 50%,,54,HIGH,
/home/odos-kidz/,desktop,img,https://www.kruispadhazeldean.co.za/wp-content/uploads/2025/09/cropped-Kruispad_Logo_Oranje.jpg,1450,589x436,landscape,80x80,fill,50% 50%,yes,26,MEDIUM,Kruispad Hazeldean Gemeente
/home/odos-kidz/,desktop,img,https://www.kruispadhazeldean.co.za/wp-content/uploads/2021/02/Odos-Kidz-Thumb-1-1536x1152.jpg,1813,2560x1919,landscape,466x351,fill,50% 50%,,0,none,
/home/odos-kidz/,desktop,img,https://www.kruispadhazeldean.co.za/wp-content/uploads/2021/02/Untitled001-1.png,1639,218x295,portrait,218x293,fill,50% 50%,,0,none,
/home/odos-kidz/,desktop,img,https://www.kruispadhazeldean.co.za/wp-content/uploads/2021/02/Odos-2.jpg,1696,222x295,portrait,222x293,fill,50% 50%,,0,none,
/home/odos-kidz/,desktop,img,https://www.kruispadhazeldean.co.za/wp-content/uploads/2021/02/Odos-3.jpg,1700,222x295,portrait,222x293,fill,50% 50%,,0,none,
/home/odos-kidz/,desktop,img,https://www.kruispadhazeldean.co.za/wp-content/uploads/2021/02/Odos-4.png,1704,218x295,portrait,218x293,fill,50% 50%,,0,none,
/home/odos-kidz/,desktop,img,https://www.kruispadhazeldean.co.za/wp-content/uploads/2021/02/Odos-5.png,1705,222x295,portrait,222x293,fill,50% 50%,,0,none,
/home/odos-kidz/,desktop,img,https://www.kruispadhazeldean.co.za/wp-content/uploads/2021/02/Odos-6.png,1709,222x295,portrait,222x293,fill,50% 50%,,0,none,
/home/odos-kidz/,desktop,img,https://www.kruispadhazeldean.co.za/wp-content/uploads/2021/02/Odos-7.jpg,1711,222x295,portrait,222x293,fill,50% 50%,,0,none,
/home/odos-kidz/,desktop,img,https://www.kruispadhazeldean.co.za/wp-content/uploads/2021/02/Odos-8.png,1712,222x295,portrait,222x293,fill,50% 50%,,0,none,
/home/odos-kidz/,desktop,img,https://www.kruispadhazeldean.co.za/wp-content/uploads/2021/02/Odos-9.jpg,1716,222x295,portrait,222x293,fill,50% 50%,,0,none,
/home/odos-kidz/,desktop,img,https://www.kruispadhazeldean.co.za/wp-content/uploads/2021/02/Odos-10.jpg,1720,222x295,portrait,222x293,fill,50% 50%,,0,none,
/home/odos-kidz/,desktop,background,https://www.kruispadhazeldean.co.za/wp-content/uploads/2021/02/Kidz-Static-2-1-scaled.jpg,2035,2560x1920,landscape,1440x900,cover,50% 0%,,17,LOW,
/home/odos-kidz/,mobile,img,https://www.kruispadhazeldean.co.za/wp-content/uploads/2025/09/cropped-KRUISPAD-66-scaled-1-1024x283.jpg,3568,2000x552,landscape,390x229,cover,50% 50%,,53,HIGH,
/home/odos-kidz/,mobile,img,https://www.kruispadhazeldean.co.za/wp-content/uploads/2025/09/cropped-Kruispad_Logo_Oranje.jpg,1450,589x436,landscape,80x80,fill,50% 50%,yes,26,MEDIUM,Kruispad Hazeldean Gemeente
/home/odos-kidz/,mobile,img,https://www.kruispadhazeldean.co.za/wp-content/uploads/2021/02/Odos-Kidz-Thumb-1-1024x768.jpg,1813,2560x1919,landscape,280x212,fill,50% 50%,,0,none,
/home/odos-kidz/,mobile,img,https://www.kruispadhazeldean.co.za/wp-content/uploads/2021/02/Untitled001-1.png,1639,218x295,portrait,218x293,fill,50% 50%,,0,none,
/home/odos-kidz/,mobile,img,https://www.kruispadhazeldean.co.za/wp-content/uploads/2021/02/Odos-2.jpg,1696,222x295,portrait,222x293,fill,50% 50%,,0,none,
/home/odos-kidz/,mobile,img,https://www.kruispadhazeldean.co.za/wp-content/uploads/2021/02/Odos-3.jpg,1700,222x295,portrait,222x293,fill,50% 50%,,0,none,
/home/odos-kidz/,mobile,img,https://www.kruispadhazeldean.co.za/wp-content/uploads/2021/02/Odos-4.png,1704,218x295,portrait,218x293,fill,50% 50%,,0,none,
/home/odos-kidz/,mobile,img,https://www.kruispadhazeldean.co.za/wp-content/uploads/2021/02/Odos-5.png,1705,222x295,portrait,222x293,fill,50% 50%,,0,none,
/home/odos-kidz/,mobile,img,https://www.kruispadhazeldean.co.za/wp-content/uploads/2021/02/Odos-6.png,1709,222x295,portrait,222x293,fill,50% 50%,,0,none,
/home/odos-kidz/,mobile,img,https://www.kruispadhazeldean.co.za/wp-content/uploads/2021/02/Odos-7.jpg,1711,222x295,portrait,222x293,fill,50% 50%,,0,none,
/home/odos-kidz/,mobile,img,https://www.kruispadhazeldean.co.za/wp-content/uploads/2021/02/Odos-8.png,1712,222x295,portrait,222x293,fill,50% 50%,,0,none,
/home/odos-kidz/,mobile,img,https://www.kruispadhazeldean.co.za/wp-content/uploads/2021/02/Odos-9.jpg,1716,222x295,portrait,222x293,fill,50% 50%,,0,none,
/home/odos-kidz/,mobile,img,https://www.kruispadhazeldean.co.za/wp-content/uploads/2021/02/Odos-10.jpg,1720,222x295,portrait,222x293,fill,50% 50%,,0,none,
/home/odos-kidz/,mobile,background,https://www.kruispadhazeldean.co.za/wp-content/uploads/2021/02/Kidz-Static-2-1-scaled.jpg,2035,2560x1920,landscape,390x453,cover,50% 0%,,35,MEDIUM,
/meer-oor-ons/organisasies/,desktop,img,https://www.kruispadhazeldean.co.za/wp-content/uploads/2025/09/cropped-KRUISPAD-66-scaled-1-1536x424.jpg,3568,2000x552,landscape,1440x183,cover,50% 50%,,54,HIGH,
/meer-oor-ons/organisasies/,desktop,img,https://www.kruispadhazeldean.co.za/wp-content/uploads/2025/09/cropped-Kruispad_Logo_Oranje.jpg,1450,589x436,landscape,80x80,fill,50% 50%,yes,26,MEDIUM,Kruispad Hazeldean Gemeente
/meer-oor-ons/organisasies/,desktop,img,https://www.kruispadhazeldean.co.za/wp-content/uploads/2021/02/Untitled.jpg,2391,1296x739,landscape,466x268,fill,50% 50%,,0,none,
/meer-oor-ons/organisasies/,desktop,img,https://www.kruispadhazeldean.co.za/wp-content/uploads/2021/02/13517638_632220273599094_1745208745569365393_o-1.jpg,2392,1215x900,landscape,434x323,fill,50% 50%,,0,none,
/meer-oor-ons/organisasies/,mobile,img,https://www.kruispadhazeldean.co.za/wp-content/uploads/2025/09/cropped-KRUISPAD-66-scaled-1-1024x283.jpg,3568,2000x552,landscape,390x229,cover,50% 50%,,53,HIGH,
/meer-oor-ons/organisasies/,mobile,img,https://www.kruispadhazeldean.co.za/wp-content/uploads/2025/09/cropped-Kruispad_Logo_Oranje.jpg,1450,589x436,landscape,80x80,fill,50% 50%,yes,26,MEDIUM,Kruispad Hazeldean Gemeente
/meer-oor-ons/organisasies/,mobile,img,https://www.kruispadhazeldean.co.za/wp-content/uploads/2021/02/Untitled-1024x584.jpg,2391,1296x739,landscape,280x162,fill,50% 50%,,0,none,
/meer-oor-ons/organisasies/,mobile,img,https://www.kruispadhazeldean.co.za/wp-content/uploads/2021/02/13517638_632220273599094_1745208745569365393_o-1-1024x759.jpg,2392,1215x900,landscape,280x323,fill,50% 50%,,0,none,
/2020/12/,desktop,img,https://www.kruispadhazeldean.co.za/wp-content/uploads/2025/09/cropped-KRUISPAD-66-scaled-1-1536x424.jpg,3568,2000x552,landscape,1440x183,cover,50% 50%,,54,HIGH,
/2020/12/,desktop,img,https://www.kruispadhazeldean.co.za/wp-content/uploads/2025/09/cropped-Kruispad_Logo_Oranje.jpg,1450,589x436,landscape,80x80,fill,50% 50%,yes,26,MEDIUM,Kruispad Hazeldean Gemeente
/2020/12/,desktop,img,https://www.kruispadhazeldean.co.za/wp-content/uploads/2020/09/rsz_17390621_1571347679559848_7813712227570444759_o-300x100.jpg,,,,300x100,fill,50% 50%,,0,none,
/2020/12/,mobile,img,https://www.kruispadhazeldean.co.za/wp-content/uploads/2025/09/cropped-KRUISPAD-66-scaled-1-1024x283.jpg,3568,2000x552,landscape,390x199,cover,50% 50%,,46,MEDIUM,
/2020/12/,mobile,img,https://www.kruispadhazeldean.co.za/wp-content/uploads/2025/09/cropped-Kruispad_Logo_Oranje.jpg,1450,589x436,landscape,80x80,fill,50% 50%,yes,26,MEDIUM,Kruispad Hazeldean Gemeente
/2020/12/,mobile,img,https://www.kruispadhazeldean.co.za/wp-content/uploads/2020/09/rsz_17390621_1571347679559848_7813712227570444759_o-300x100.jpg,,,,300x100,fill,50% 50%,,0,none,
