page,kind,href,text,aria_label,target,in_nav,in_footer
/droom-vir-kruispad/,anchor,#content,Skip to content,,,false,false
/droom-vir-kruispad/,internal,https://www.kruispadhazeldean.co.za/,,,,false,false
/droom-vir-kruispad/,internal,https://www.kruispadhazeldean.co.za/,Kruispad Hazeldean Gemeente,,,false,false
/droom-vir-kruispad/,internal,https://www.kruispadhazeldean.co.za/,Tuis,,,true,false
/droom-vir-kruispad/,internal,https://www.kruispadhazeldean.co.za/home/kruispad-erediens/,Kruispad Gemeente,,,true,false
/droom-vir-kruispad/,internal,https://www.kruispadhazeldean.co.za/cafe-berea/,Cafe Berea,,,true,false
/droom-vir-kruispad/,internal,https://www.kruispadhazeldean.co.za/groepe/,Vind jou plek,,,true,false
/droom-vir-kruispad/,internal,https://www.kruispadhazeldean.co.za/odos-kidz/,Odos Kids,,,true,false
/droom-vir-kruispad/,internal,https://www.kruispadhazeldean.co.za/meer-oor-ons/,Wie is ons,,,true,false
/droom-vir-kruispad/,internal,https://www.kruispadhazeldean.co.za/meer-oor-ons/droom-van-kruispad/,Droom van Kruispad,,,true,false
/droom-vir-kruispad/,internal,https://www.kruispadhazeldean.co.za/meer-oor-ons/span/,Span,,,true,false
/droom-vir-kruispad/,internal,https://www.kruispadhazeldean.co.za/groepe/organisasies/,Groepe,,,true,false
/droom-vir-kruispad/,internal,https://www.kruispadhazeldean.co.za/dien/elios/,Eleos,,,true,false
/droom-vir-kruispad/,internal,https://www.kruispadhazeldean.co.za/dien/kairos/,Kairos,,,true,false
/droom-vir-kruispad/,internal,https://www.kruispadhazeldean.co.za/?page_id=485,Eredienste,,,true,false
/droom-vir-kruispad/,internal,https://www.kruispadhazeldean.co.za/preke-en-media/fred-suzi/,Suzi,,,true,false
/droom-vir-kruispad/,internal,https://www.kruispadhazeldean.co.za/preke-en-media/preke/,Preke,,,true,false
/droom-vir-kruispad/,internal,https://www.kruispadhazeldean.co.za/2026-kalender/,2026 Kalender,,,true,false
/droom-vir-kruispad/,internal,https://www.kruispadhazeldean.co.za/home/bydraes/,Bydraes,,,true,false
/droom-vir-kruispad/,internal,https://www.kruispadhazeldean.co.za/home/kontak-ons/,Kantore,,,true,false
/droom-vir-kruispad/,internal,https://www.kruispadhazeldean.co.za/droom-vir-kruispad/,"December 14, 2020December 14, 2020",,,false,false
/droom-vir-kruispad/,internal,https://www.kruispadhazeldean.co.za/author/admin/,admin,,,false,false
/droom-vir-kruispad/,internal,/droom-vir-kruispad/#respond,Cancel reply,,,false,false
/droom-vir-kruispad/,external,https://wordpress.org/,Proudly powered by WordPress,,,false,true
/droom-vir-kruispad/,form,https://www.kruispadhazeldean.co.za/wp-comments-post.php,comment author email url wp-comment-cookies-consent submit comment_post_ID comment_parent,,,false,false
/meer-oor-ons/,anchor,#content,Skip to content,,,false,false
/meer-oor-ons/,internal,https://www.kruispadhazeldean.co.za/,,,,false,false
/meer-oor-ons/,internal,https://www.kruispadhazeldean.co.za/,Kruispad Hazeldean Gemeente,,,false,false
/meer-oor-ons/,internal,https://www.kruispadhazeldean.co.za/,Tuis,,,true,false
/meer-oor-ons/,internal,https://www.kruispadhazeldean.co.za/home/kruispad-erediens/,Kruispad Gemeente,,,true,false
/meer-oor-ons/,internal,https://www.kruispadhazeldean.co.za/cafe-berea/,Cafe Berea,,,true,false
/meer-oor-ons/,internal,https://www.kruispadhazeldean.co.za/groepe/,Vind jou plek,,,true,false
/meer-oor-ons/,internal,https://www.kruispadhazeldean.co.za/odos-kidz/,Odos Kids,,,true,false
/meer-oor-ons/,internal,https://www.kruispadhazeldean.co.za/meer-oor-ons/,Wie is ons,,,true,false
/meer-oor-ons/,internal,https://www.kruispadhazeldean.co.za/meer-oor-ons/droom-van-kruispad/,Droom van Kruispad,,,true,false
/meer-oor-ons/,internal,https://www.kruispadhazeldean.co.za/meer-oor-ons/span/,Span,,,true,false
/meer-oor-ons/,internal,https://www.kruispadhazeldean.co.za/groepe/organisasies/,Groepe,,,true,false
/meer-oor-ons/,internal,https://www.kruispadhazeldean.co.za/dien/elios/,Eleos,,,true,false
/meer-oor-ons/,internal,https://www.kruispadhazeldean.co.za/dien/kairos/,Kairos,,,true,false
/meer-oor-ons/,internal,https://www.kruispadhazeldean.co.za/?page_id=485,Eredienste,,,true,false
/meer-oor-ons/,internal,https://www.kruispadhazeldean.co.za/preke-en-media/fred-suzi/,Suzi,,,true,false
/meer-oor-ons/,internal,https://www.kruispadhazeldean.co.za/preke-en-media/preke/,Preke,,,true,false
/meer-oor-ons/,internal,https://www.kruispadhazeldean.co.za/2026-kalender/,2026 Kalender,,,true,false
/meer-oor-ons/,internal,https://www.kruispadhazeldean.co.za/home/bydraes/,Bydraes,,,true,false
/meer-oor-ons/,internal,https://www.kruispadhazeldean.co.za/home/kontak-ons/,Kantore,,,true,false
/meer-oor-ons/,internal,https://www.kruispadhazeldean.co.za/meer-oor-ons/droom-van-kruispad/,Die Droom,,,false,false
/meer-oor-ons/,internal,https://www.kruispadhazeldean.co.za/meer-oor-ons/span/,,,,false,false
/meer-oor-ons/,internal,https://www.kruispadhazeldean.co.za/meer-oor-ons/span/,Kruispad Span,,,false,false
/meer-oor-ons/,internal,https://www.kruispadhazeldean.co.za/meer-oor-ons/organisasies/,Organisasies,,,false,false
/meer-oor-ons/,internal,https://www.kruispadhazeldean.co.za/meer-oor-ons/organisasies/,,,,false,false
/meer-oor-ons/,external,https://wordpress.org/,Proudly powered by WordPress,,,false,true
/meer-oor-ons/,iframe,https://www.google.com/maps/embed/v1/place?key=google.com/maps/place/Curro+Hazeldean+preschool+and+primary+school/data=!4m2!3m1!1s0x0:0x4d954b43f85926c6?sa=X&ved=1t:2428&ictx=111&q=Kruispad%20Hazeldean%20Kantore&zoom=16,Kruispad Hazeldean Kantore,,,false,false
/,anchor,#content,Skip to content,,,false,false
/,internal,https://www.kruispadhazeldean.co.za/,,,,false,false
/,internal,https://www.kruispadhazeldean.co.za/,Kruispad Hazeldean Gemeente,,,false,false
/,internal,https://www.kruispadhazeldean.co.za/,Tuis,,,true,false
/,internal,https://www.kruispadhazeldean.co.za/home/kruispad-erediens/,Kruispad Gemeente,,,true,false
/,internal,https://www.kruispadhazeldean.co.za/cafe-berea/,Cafe Berea,,,true,false
/,internal,https://www.kruispadhazeldean.co.za/groepe/,Vind jou plek,,,true,false
/,internal,https://www.kruispadhazeldean.co.za/odos-kidz/,Odos Kids,,,true,false
/,internal,https://www.kruispadhazeldean.co.za/meer-oor-ons/,Wie is ons,,,true,false
/,internal,https://www.kruispadhazeldean.co.za/meer-oor-ons/droom-van-kruispad/,Droom van Kruispad,,,true,false
/,internal,https://www.kruispadhazeldean.co.za/meer-oor-ons/span/,Span,,,true,false
/,internal,https://www.kruispadhazeldean.co.za/groepe/organisasies/,Groepe,,,true,false
/,internal,https://www.kruispadhazeldean.co.za/dien/elios/,Eleos,,,true,false
/,internal,https://www.kruispadhazeldean.co.za/dien/kairos/,Kairos,,,true,false
/,internal,https://www.kruispadhazeldean.co.za/?page_id=485,Eredienste,,,true,false
/,internal,https://www.kruispadhazeldean.co.za/preke-en-media/fred-suzi/,Suzi,,,true,false
/,internal,https://www.kruispadhazeldean.co.za/preke-en-media/preke/,Preke,,,true,false
/,internal,https://www.kruispadhazeldean.co.za/2026-kalender/,2026 Kalender,,,true,false
/,internal,https://www.kruispadhazeldean.co.za/home/bydraes/,Bydraes,,,true,false
/,internal,https://www.kruispadhazeldean.co.za/home/kontak-ons/,Kantore,,,true,false
/,anchor,#content,Scroll down to content,,,true,false
/,internal,https://www.kruispadhazeldean.co.za/preke-en-media/kruispad-erediens/,Kruispad,,,false,false
/,internal,https://www.kruispadhazeldean.co.za/preke-en-media/kruispad-erediens/,,,,false,false
/,internal,https://www.kruispadhazeldean.co.za/preke-en-media/cafe-berea/,Café Berea,,,false,false
/,internal,https://www.kruispadhazeldean.co.za/home/odos-kidz/,Odos Kids,,,false,false
/,internal,https://www.kruispadhazeldean.co.za/home/odos-kidz/,,,,false,false
/,external,https://wordpress.org/,Proudly powered by WordPress,,,false,true
/meer-oor-ons/droom-van-kruispad/,anchor,#content,Skip to content,,,false,false
/meer-oor-ons/droom-van-kruispad/,internal,https://www.kruispadhazeldean.co.za/,,,,false,false
/meer-oor-ons/droom-van-kruispad/,internal,https://www.kruispadhazeldean.co.za/,Kruispad Hazeldean Gemeente,,,false,false
/meer-oor-ons/droom-van-kruispad/,internal,https://www.kruispadhazeldean.co.za/,Tuis,,,true,false
/meer-oor-ons/droom-van-kruispad/,internal,https://www.kruispadhazeldean.co.za/home/kruispad-erediens/,Kruispad Gemeente,,,true,false
/meer-oor-ons/droom-van-kruispad/,internal,https://www.kruispadhazeldean.co.za/cafe-berea/,Cafe Berea,,,true,false
/meer-oor-ons/droom-van-kruispad/,internal,https://www.kruispadhazeldean.co.za/groepe/,Vind jou plek,,,true,false
/meer-oor-ons/droom-van-kruispad/,internal,https://www.kruispadhazeldean.co.za/odos-kidz/,Odos Kids,,,true,false
/meer-oor-ons/droom-van-kruispad/,internal,https://www.kruispadhazeldean.co.za/meer-oor-ons/,Wie is ons,,,true,false
/meer-oor-ons/droom-van-kruispad/,internal,https://www.kruispadhazeldean.co.za/meer-oor-ons/droom-van-kruispad/,Droom van Kruispad,,,true,false
/meer-oor-ons/droom-van-kruispad/,internal,https://www.kruispadhazeldean.co.za/meer-oor-ons/span/,Span,,,true,false
/meer-oor-ons/droom-van-kruispad/,internal,https://www.kruispadhazeldean.co.za/groepe/organisasies/,Groepe,,,true,false
/meer-oor-ons/droom-van-kruispad/,internal,https://www.kruispadhazeldean.co.za/dien/elios/,Eleos,,,true,false
/meer-oor-ons/droom-van-kruispad/,internal,https://www.kruispadhazeldean.co.za/dien/kairos/,Kairos,,,true,false
/meer-oor-ons/droom-van-kruispad/,internal,https://www.kruispadhazeldean.co.za/?page_id=485,Eredienste,,,true,false
/meer-oor-ons/droom-van-kruispad/,internal,https://www.kruispadhazeldean.co.za/preke-en-media/fred-suzi/,Suzi,,,true,false
/meer-oor-ons/droom-van-kruispad/,internal,https://www.kruispadhazeldean.co.za/preke-en-media/preke/,Preke,,,true,false
/meer-oor-ons/droom-van-kruispad/,internal,https://www.kruispadhazeldean.co.za/2026-kalender/,2026 Kalender,,,true,false
/meer-oor-ons/droom-van-kruispad/,internal,https://www.kruispadhazeldean.co.za/home/bydraes/,Bydraes,,,true,false
/meer-oor-ons/droom-van-kruispad/,internal,https://www.kruispadhazeldean.co.za/home/kontak-ons/,Kantore,,,true,false
/meer-oor-ons/droom-van-kruispad/,external,https://wordpress.org/,Proudly powered by WordPress,,,false,true
/meer-oor-ons/droom-van-kruispad/,video,https://www.youtube.com/watch?v=sKI1zLpL9iw&feature=youtu.be,elementor-video-widget,,,false,false
/home/kontak-ons/,anchor,#content,Skip to content,,,false,false
/home/kontak-ons/,internal,https://www.kruispadhazeldean.co.za/,,,,false,false
/home/kontak-ons/,internal,https://www.kruispadhazeldean.co.za/,Kruispad Hazeldean Gemeente,,,false,false
/home/kontak-ons/,internal,https://www.kruispadhazeldean.co.za/,Tuis,,,true,false
/home/kontak-ons/,internal,https://www.kruispadhazeldean.co.za/home/kruispad-erediens/,Kruispad Gemeente,,,true,false
/home/kontak-ons/,internal,https://www.kruispadhazeldean.co.za/cafe-berea/,Cafe Berea,,,true,false
/home/kontak-ons/,internal,https://www.kruispadhazeldean.co.za/groepe/,Vind jou plek,,,true,false
/home/kontak-ons/,internal,https://www.kruispadhazeldean.co.za/odos-kidz/,Odos Kids,,,true,false
/home/kontak-ons/,internal,https://www.kruispadhazeldean.co.za/meer-oor-ons/,Wie is ons,,,true,false
/home/kontak-ons/,internal,https://www.kruispadhazeldean.co.za/meer-oor-ons/droom-van-kruispad/,Droom van Kruispad,,,true,false
/home/kontak-ons/,internal,https://www.kruispadhazeldean.co.za/meer-oor-ons/span/,Span,,,true,false
/home/kontak-ons/,internal,https://www.kruispadhazeldean.co.za/groepe/organisasies/,Groepe,,,true,false
/home/kontak-ons/,internal,https://www.kruispadhazeldean.co.za/dien/elios/,Eleos,,,true,false
/home/kontak-ons/,internal,https://www.kruispadhazeldean.co.za/dien/kairos/,Kairos,,,true,false
/home/kontak-ons/,internal,https://www.kruispadhazeldean.co.za/?page_id=485,Eredienste,,,true,false
/home/kontak-ons/,internal,https://www.kruispadhazeldean.co.za/preke-en-media/fred-suzi/,Suzi,,,true,false
/home/kontak-ons/,internal,https://www.kruispadhazeldean.co.za/preke-en-media/preke/,Preke,,,true,false
/home/kontak-ons/,internal,https://www.kruispadhazeldean.co.za/2026-kalender/,2026 Kalender,,,true,false
/home/kontak-ons/,internal,https://www.kruispadhazeldean.co.za/home/bydraes/,Bydraes,,,true,false
/home/kontak-ons/,internal,https://www.kruispadhazeldean.co.za/home/kontak-ons/,Kantore,,,true,false
/home/kontak-ons/,google-drive,https://drive.google.com/file/d/18DqEehprxEd4J30u4jM0ua_TXxx2ZmBn/view?usp=sharing,Vorms vir Nuwe Lede,,,false,false
/home/kontak-ons/,google-drive,https://drive.google.com/file/d/1bEDUR37dp7QglMh3I7OMtdOpB-DxriM_/view?usp=sharing,Download,,,false,false
/home/kontak-ons/,external,https://wordpress.org/,Proudly powered by WordPress,,,false,true
/home/kontak-ons/,iframe,https://www.google.com/maps/embed?pb=!1m18!1m12!1m3!1d4262.070349287056!2d28.360105967060555!3d-25.768858389026963!2m3!1f0!2f0!3f0!3m2!1i1024!2i768!4f13.1!3m3!1m2!1s0x1e955f9b36c709d9%3A0xe3e67f347382d3da!2sKruispad%20Hazeldean%20Kantore!5e1!3m2!1sen!2sza!4v1757166235773!5m2!1sen!2sza,,,,false,false
/home/kontak-ons/,iframe,https://www.google.com/maps/embed?pb=!1m18!1m12!1m3!1d17048.284922097333!2d28.35238115712064!3d-25.768833849051838!2m3!1f0!2f0!3f0!3m2!1i1024!2i768!4f13.1!3m3!1m2!1s0x1e955ea5d9640313%3A0xcfab33553886a848!2sKruispad%20Gemeente!5e1!3m2!1sen!2sza!4v1757166700587!5m2!1sen!2sza,,,,false,false
/dien/,anchor,#content,Skip to content,,,false,false
/dien/,internal,https://www.kruispadhazeldean.co.za/,,,,false,false
/dien/,internal,https://www.kruispadhazeldean.co.za/,Kruispad Hazeldean Gemeente,,,false,false
/dien/,internal,https://www.kruispadhazeldean.co.za/,Tuis,,,true,false
/dien/,internal,https://www.kruispadhazeldean.co.za/home/kruispad-erediens/,Kruispad Gemeente,,,true,false
/dien/,internal,https://www.kruispadhazeldean.co.za/cafe-berea/,Cafe Berea,,,true,false
/dien/,internal,https://www.kruispadhazeldean.co.za/groepe/,Vind jou plek,,,true,false
/dien/,internal,https://www.kruispadhazeldean.co.za/odos-kidz/,Odos Kids,,,true,false
/dien/,internal,https://www.kruispadhazeldean.co.za/meer-oor-ons/,Wie is ons,,,true,false
/dien/,internal,https://www.kruispadhazeldean.co.za/meer-oor-ons/droom-van-kruispad/,Droom van Kruispad,,,true,false
/dien/,internal,https://www.kruispadhazeldean.co.za/meer-oor-ons/span/,Span,,,true,false
/dien/,internal,https://www.kruispadhazeldean.co.za/groepe/organisasies/,Groepe,,,true,false
/dien/,internal,https://www.kruispadhazeldean.co.za/dien/elios/,Eleos,,,true,false
/dien/,internal,https://www.kruispadhazeldean.co.za/dien/kairos/,Kairos,,,true,false
/dien/,internal,https://www.kruispadhazeldean.co.za/?page_id=485,Eredienste,,,true,false
/dien/,internal,https://www.kruispadhazeldean.co.za/preke-en-media/fred-suzi/,Suzi,,,true,false
/dien/,internal,https://www.kruispadhazeldean.co.za/preke-en-media/preke/,Preke,,,true,false
/dien/,internal,https://www.kruispadhazeldean.co.za/2026-kalender/,2026 Kalender,,,true,false
/dien/,internal,https://www.kruispadhazeldean.co.za/home/bydraes/,Bydraes,,,true,false
/dien/,internal,https://www.kruispadhazeldean.co.za/home/kontak-ons/,Kantore,,,true,false
/dien/,internal,https://www.kruispadhazeldean.co.za/http-www-boxout-web-za-gebeure-kalender/month/,Kruispad Hazeldean Kalender,,,false,false
/dien/,internal,https://www.kruispadhazeldean.co.za/2020/12/,« Dec,,,true,false
/dien/,internal,https://www.kruispadhazeldean.co.za/http-www-boxout-web-za-gebeure-kalender/month/,Kalender,,,false,false
/dien/,external,https://wordpress.org/,Proudly powered by WordPress,,,false,true
/dien/,iframe,https://www.google.com/maps/embed/v1/place?key=google.com/maps/place/Curro+Hazeldean+preschool+and+primary+school/data=!4m2!3m1!1s0x0:0x4d954b43f85926c6?sa=X&ved=1t:2428&ictx=111&q=Kruispad%20Hazeldean%20Kantore&zoom=16,Kruispad Hazeldean Kantore,,,false,false
/home/kruispad-erediens/,anchor,#content,Skip to content,,,false,false
/home/kruispad-erediens/,internal,https://www.kruispadhazeldean.co.za/,,,,false,false
/home/kruispad-erediens/,internal,https://www.kruispadhazeldean.co.za/,Kruispad Hazeldean Gemeente,,,false,false
/home/kruispad-erediens/,internal,https://www.kruispadhazeldean.co.za/,Tuis,,,true,false
/home/kruispad-erediens/,internal,https://www.kruispadhazeldean.co.za/home/kruispad-erediens/,Kruispad Gemeente,,,true,false
/home/kruispad-erediens/,internal,https://www.kruispadhazeldean.co.za/cafe-berea/,Cafe Berea,,,true,false
/home/kruispad-erediens/,internal,https://www.kruispadhazeldean.co.za/groepe/,Vind jou plek,,,true,false
/home/kruispad-erediens/,internal,https://www.kruispadhazeldean.co.za/odos-kidz/,Odos Kids,,,true,false
/home/kruispad-erediens/,internal,https://www.kruispadhazeldean.co.za/meer-oor-ons/,Wie is ons,,,true,false
/home/kruispad-erediens/,internal,https://www.kruispadhazeldean.co.za/meer-oor-ons/droom-van-kruispad/,Droom van Kruispad,,,true,false
/home/kruispad-erediens/,internal,https://www.kruispadhazeldean.co.za/meer-oor-ons/span/,Span,,,true,false
/home/kruispad-erediens/,internal,https://www.kruispadhazeldean.co.za/groepe/organisasies/,Groepe,,,true,false
/home/kruispad-erediens/,internal,https://www.kruispadhazeldean.co.za/dien/elios/,Eleos,,,true,false
/home/kruispad-erediens/,internal,https://www.kruispadhazeldean.co.za/dien/kairos/,Kairos,,,true,false
/home/kruispad-erediens/,internal,https://www.kruispadhazeldean.co.za/?page_id=485,Eredienste,,,true,false
/home/kruispad-erediens/,internal,https://www.kruispadhazeldean.co.za/preke-en-media/fred-suzi/,Suzi,,,true,false
/home/kruispad-erediens/,internal,https://www.kruispadhazeldean.co.za/preke-en-media/preke/,Preke,,,true,false
/home/kruispad-erediens/,internal,https://www.kruispadhazeldean.co.za/2026-kalender/,2026 Kalender,,,true,false
/home/kruispad-erediens/,internal,https://www.kruispadhazeldean.co.za/home/bydraes/,Bydraes,,,true,false
/home/kruispad-erediens/,internal,https://www.kruispadhazeldean.co.za/home/kontak-ons/,Kantore,,,true,false
/home/kruispad-erediens/,external,https://www.google.com/maps/place/Curro+Hazeldean+preschool+and+primary+school/data=!4m2!3m1!1s0x0:0x4d954b43f85926c6?sa=X&ved=1t:2428&ictx=111,EREDIENS TYE,,,false,false
/home/kruispad-erediens/,external,https://www.google.com/maps/place/Curro+Hazeldean+preschool+and+primary+school/data=!4m2!3m1!1s0x0:0x4d954b43f85926c6?sa=X&ved=1t:2428&ictx=111,Sondae 9:30-10:30,,,false,false
/home/kruispad-erediens/,external,https://www.google.com/maps/place/Curro+Hazeldean+preschool+and+primary+school/data=!4m2!3m1!1s0x0:0x4d954b43f85926c6?sa=X&ved=1t:2428&ictx=111,,,,false,false
/home/kruispad-erediens/,external,https://www.google.com/maps/place/Curro+Hazeldean+preschool+and+primary+school/data=!4m2!3m1!1s0x0:0x4d954b43f85926c6?sa=X&ved=1t:2428&ictx=111,Café Berea,,,false,false
/home/kruispad-erediens/,external,https://www.google.com/maps/place/Curro+Hazeldean+preschool+and+primary+school/data=!4m2!3m1!1s0x0:0x4d954b43f85926c6?sa=X&ved=1t:2428&ictx=111,Sondae 17:30-18:30,,,false,false
/home/kruispad-erediens/,external,https://www.facebook.com/Kruispad-Hazeldean-353684361326192,Facebook-f,,_blank,false,false
/home/kruispad-erediens/,external,https://www.youtube.com/channel/UC1WmZGs_3AqwUd5CB1yLHag,Youtube,,_blank,false,false
/home/kruispad-erediens/,external,https://www.instagram.com/kruispad_hazeldean/,Instagram,,_blank,false,false
/home/kruispad-erediens/,external,https://wordpress.org/,Proudly powered by WordPress,,,false,true
/home/kruispad-erediens/,iframe,https://www.google.com/maps/embed?pb=!1m18!1m12!1m3!1d4261.832821025031!2d28.374440386307644!3d-25.7754720882174!2m3!1f0!2f0!3f0!3m2!1i1024!2i768!4f13.1!3m3!1m2!1s0x1e955ea5d9640313%3A0xcfab33553886a848!2sKruispad%20Gemeente!5e1!3m2!1sen!2sza!4v1757171976686!5m2!1sen!2sza,,,,false,false
/preke-en-media/fred-suzi/,anchor,#content,Skip to content,,,false,false
/preke-en-media/fred-suzi/,internal,https://www.kruispadhazeldean.co.za/,,,,false,false
/preke-en-media/fred-suzi/,internal,https://www.kruispadhazeldean.co.za/,Kruispad Hazeldean Gemeente,,,false,false
/preke-en-media/fred-suzi/,internal,https://www.kruispadhazeldean.co.za/,Tuis,,,true,false
/preke-en-media/fred-suzi/,internal,https://www.kruispadhazeldean.co.za/home/kruispad-erediens/,Kruispad Gemeente,,,true,false
/preke-en-media/fred-suzi/,internal,https://www.kruispadhazeldean.co.za/cafe-berea/,Cafe Berea,,,true,false
/preke-en-media/fred-suzi/,internal,https://www.kruispadhazeldean.co.za/groepe/,Vind jou plek,,,true,false
/preke-en-media/fred-suzi/,internal,https://www.kruispadhazeldean.co.za/odos-kidz/,Odos Kids,,,true,false
/preke-en-media/fred-suzi/,internal,https://www.kruispadhazeldean.co.za/meer-oor-ons/,Wie is ons,,,true,false
/preke-en-media/fred-suzi/,internal,https://www.kruispadhazeldean.co.za/meer-oor-ons/droom-van-kruispad/,Droom van Kruispad,,,true,false
/preke-en-media/fred-suzi/,internal,https://www.kruispadhazeldean.co.za/meer-oor-ons/span/,Span,,,true,false
/preke-en-media/fred-suzi/,internal,https://www.kruispadhazeldean.co.za/groepe/organisasies/,Groepe,,,true,false
/preke-en-media/fred-suzi/,internal,https://www.kruispadhazeldean.co.za/dien/elios/,Eleos,,,true,false
/preke-en-media/fred-suzi/,internal,https://www.kruispadhazeldean.co.za/dien/kairos/,Kairos,,,true,false
/preke-en-media/fred-suzi/,internal,https://www.kruispadhazeldean.co.za/?page_id=485,Eredienste,,,true,false
/preke-en-media/fred-suzi/,internal,https://www.kruispadhazeldean.co.za/preke-en-media/fred-suzi/,Suzi,,,true,false
/preke-en-media/fred-suzi/,internal,https://www.kruispadhazeldean.co.za/preke-en-media/preke/,Preke,,,true,false
/preke-en-media/fred-suzi/,internal,https://www.kruispadhazeldean.co.za/2026-kalender/,2026 Kalender,,,true,false
/preke-en-media/fred-suzi/,internal,https://www.kruispadhazeldean.co.za/home/bydraes/,Bydraes,,,true,false
/preke-en-media/fred-suzi/,internal,https://www.kruispadhazeldean.co.za/home/kontak-ons/,Kantore,,,true,false
/preke-en-media/fred-suzi/,external,https://www.facebook.com/Kruispad-Hazeldean-353684361326192,Facebook-f,,_blank,false,false
/preke-en-media/fred-suzi/,external,https://www.youtube.com/channel/UC1WmZGs_3AqwUd5CB1yLHag,Youtube,,_blank,false,false
/preke-en-media/fred-suzi/,external,https://www.instagram.com/kruispad_hazeldean/,Instagram,,_blank,false,false
/preke-en-media/fred-suzi/,external,https://wordpress.org/,Proudly powered by WordPress,,,false,true
/preke-en-media/fred-suzi/,video,https://www.youtube.com/watch?v=KkfNjoZLeHk,elementor-video-widget,,,false,false
/preke-en-media/fred-suzi/,video,https://www.youtube.com/watch?v=06fM-Bb31PM,elementor-video-widget,,,false,false
/cafe-berea/,anchor,#content,Skip to content,,,false,false
/cafe-berea/,internal,https://www.kruispadhazeldean.co.za/,,,,false,false
/cafe-berea/,internal,https://www.kruispadhazeldean.co.za/,Kruispad Hazeldean Gemeente,,,false,false
/cafe-berea/,internal,https://www.kruispadhazeldean.co.za/,Tuis,,,true,false
/cafe-berea/,internal,https://www.kruispadhazeldean.co.za/home/kruispad-erediens/,Kruispad Gemeente,,,true,false
/cafe-berea/,internal,https://www.kruispadhazeldean.co.za/cafe-berea/,Cafe Berea,,,true,false
/cafe-berea/,internal,https://www.kruispadhazeldean.co.za/groepe/,Vind jou plek,,,true,false
/cafe-berea/,internal,https://www.kruispadhazeldean.co.za/odos-kidz/,Odos Kids,,,true,false
/cafe-berea/,internal,https://www.kruispadhazeldean.co.za/meer-oor-ons/,Wie is ons,,,true,false
/cafe-berea/,internal,https://www.kruispadhazeldean.co.za/meer-oor-ons/droom-van-kruispad/,Droom van Kruispad,,,true,false
/cafe-berea/,internal,https://www.kruispadhazeldean.co.za/meer-oor-ons/span/,Span,,,true,false
/cafe-berea/,internal,https://www.kruispadhazeldean.co.za/groepe/organisasies/,Groepe,,,true,false
/cafe-berea/,internal,https://www.kruispadhazeldean.co.za/dien/elios/,Eleos,,,true,false
/cafe-berea/,internal,https://www.kruispadhazeldean.co.za/dien/kairos/,Kairos,,,true,false
/cafe-berea/,internal,https://www.kruispadhazeldean.co.za/?page_id=485,Eredienste,,,true,false
/cafe-berea/,internal,https://www.kruispadhazeldean.co.za/preke-en-media/fred-suzi/,Suzi,,,true,false
/cafe-berea/,internal,https://www.kruispadhazeldean.co.za/preke-en-media/preke/,Preke,,,true,false
/cafe-berea/,internal,https://www.kruispadhazeldean.co.za/2026-kalender/,2026 Kalender,,,true,false
/cafe-berea/,internal,https://www.kruispadhazeldean.co.za/home/bydraes/,Bydraes,,,true,false
/cafe-berea/,internal,https://www.kruispadhazeldean.co.za/home/kontak-ons/,Kantore,,,true,false
/cafe-berea/,external,https://www.facebook.com/Kruispad-Hazeldean-353684361326192,Facebook-f,,_blank,false,false
/cafe-berea/,external,https://www.youtube.com/channel/UC1WmZGs_3AqwUd5CB1yLHag,Youtube,,_blank,false,false
/cafe-berea/,external,https://www.instagram.com/kruispad_hazeldean/,Instagram,,_blank,false,false
/cafe-berea/,external,https://wordpress.org/,Proudly powered by WordPress,,,false,true
/cafe-berea/,iframe,https://www.google.com/maps/embed?pb=!1m18!1m12!1m3!1d4261.832821025031!2d28.374440386307644!3d-25.7754720882174!2m3!1f0!2f0!3f0!3m2!1i1024!2i768!4f13.1!3m3!1m2!1s0x1e955ea5d9640313%3A0xcfab33553886a848!2sKruispad%20Gemeente!5e1!3m2!1sen!2sza!4v1757171976686!5m2!1sen!2sza,,,,false,false
/cafe-berea/,video,https://www.youtube.com/watch?v=Oj_iAlDXcg4,elementor-video-widget,,,false,false
/cafe-berea/,video,https://www.youtube.com/watch?v=vzfHCh55obs,elementor-video-widget,,,false,false
/preke-en-media/preke/,anchor,#content,Skip to content,,,false,false
/preke-en-media/preke/,internal,https://www.kruispadhazeldean.co.za/,,,,false,false
/preke-en-media/preke/,internal,https://www.kruispadhazeldean.co.za/,Kruispad Hazeldean Gemeente,,,false,false
/preke-en-media/preke/,internal,https://www.kruispadhazeldean.co.za/,Tuis,,,true,false
/preke-en-media/preke/,internal,https://www.kruispadhazeldean.co.za/home/kruispad-erediens/,Kruispad Gemeente,,,true,false
/preke-en-media/preke/,internal,https://www.kruispadhazeldean.co.za/cafe-berea/,Cafe Berea,,,true,false
/preke-en-media/preke/,internal,https://www.kruispadhazeldean.co.za/groepe/,Vind jou plek,,,true,false
/preke-en-media/preke/,internal,https://www.kruispadhazeldean.co.za/odos-kidz/,Odos Kids,,,true,false
/preke-en-media/preke/,internal,https://www.kruispadhazeldean.co.za/meer-oor-ons/,Wie is ons,,,true,false
/preke-en-media/preke/,internal,https://www.kruispadhazeldean.co.za/meer-oor-ons/droom-van-kruispad/,Droom van Kruispad,,,true,false
/preke-en-media/preke/,internal,https://www.kruispadhazeldean.co.za/meer-oor-ons/span/,Span,,,true,false
/preke-en-media/preke/,internal,https://www.kruispadhazeldean.co.za/groepe/organisasies/,Groepe,,,true,false
/preke-en-media/preke/,internal,https://www.kruispadhazeldean.co.za/dien/elios/,Eleos,,,true,false
/preke-en-media/preke/,internal,https://www.kruispadhazeldean.co.za/dien/kairos/,Kairos,,,true,false
/preke-en-media/preke/,internal,https://www.kruispadhazeldean.co.za/?page_id=485,Eredienste,,,true,false
/preke-en-media/preke/,internal,https://www.kruispadhazeldean.co.za/preke-en-media/fred-suzi/,Suzi,,,true,false
/preke-en-media/preke/,internal,https://www.kruispadhazeldean.co.za/preke-en-media/preke/,Preke,,,true,false
/preke-en-media/preke/,internal,https://www.kruispadhazeldean.co.za/2026-kalender/,2026 Kalender,,,true,false
/preke-en-media/preke/,internal,https://www.kruispadhazeldean.co.za/home/bydraes/,Bydraes,,,true,false
/preke-en-media/preke/,internal,https://www.kruispadhazeldean.co.za/home/kontak-ons/,Kantore,,,true,false
/preke-en-media/preke/,external,https://www.youtube.com/@kruispadgemeente585,,,,false,false
/preke-en-media/preke/,external,https://wordpress.org/,Proudly powered by WordPress,,,false,true
/preke-en-media/preke/,video,https://www.youtube.com/watch?v=eCTG_OpBlTc&list=PLXd_5mDrJQReT_A-bKTG5w_CynYbba2VR&index=2,elementor-video-widget,,,false,false
/preke-en-media/preke/,video,https://www.youtube.com/watch?v=nvDfuy-Ur1c,elementor-video-widget,,,false,false
/preke-en-media/preke/,video,https://www.youtube.com/watch?v=_zt8qQf0z44,elementor-video-widget,,,false,false
/groepe/,anchor,#content,Skip to content,,,false,false
/groepe/,internal,https://www.kruispadhazeldean.co.za/,,,,false,false
/groepe/,internal,https://www.kruispadhazeldean.co.za/,Kruispad Hazeldean Gemeente,,,false,false
/groepe/,internal,https://www.kruispadhazeldean.co.za/,Tuis,,,true,false
/groepe/,internal,https://www.kruispadhazeldean.co.za/home/kruispad-erediens/,Kruispad Gemeente,,,true,false
/groepe/,internal,https://www.kruispadhazeldean.co.za/cafe-berea/,Cafe Berea,,,true,false
/groepe/,internal,https://www.kruispadhazeldean.co.za/groepe/,Vind jou plek,,,true,false
/groepe/,internal,https://www.kruispadhazeldean.co.za/odos-kidz/,Odos Kids,,,true,false
/groepe/,internal,https://www.kruispadhazeldean.co.za/meer-oor-ons/,Wie is ons,,,true,false
/groepe/,internal,https://www.kruispadhazeldean.co.za/meer-oor-ons/droom-van-kruispad/,Droom van Kruispad,,,true,false
/groepe/,internal,https://www.kruispadhazeldean.co.za/meer-oor-ons/span/,Span,,,true,false
/groepe/,internal,https://www.kruispadhazeldean.co.za/groepe/organisasies/,Groepe,,,true,false
/groepe/,internal,https://www.kruispadhazeldean.co.za/dien/elios/,Eleos,,,true,false
/groepe/,internal,https://www.kruispadhazeldean.co.za/dien/kairos/,Kairos,,,true,false
/groepe/,internal,https://www.kruispadhazeldean.co.za/?page_id=485,Eredienste,,,true,false
/groepe/,internal,https://www.kruispadhazeldean.co.za/preke-en-media/fred-suzi/,Suzi,,,true,false
/groepe/,internal,https://www.kruispadhazeldean.co.za/preke-en-media/preke/,Preke,,,true,false
/groepe/,internal,https://www.kruispadhazeldean.co.za/2026-kalender/,2026 Kalender,,,true,false
/groepe/,internal,https://www.kruispadhazeldean.co.za/home/bydraes/,Bydraes,,,true,false
/groepe/,internal,https://www.kruispadhazeldean.co.za/home/kontak-ons/,Kantore,,,true,false
/groepe/,whatsapp,https://chat.whatsapp.com/https://chat.whatsapp.com/GAPiX698AgFH91aM7NU8hS,💬 Join our WhatsApp Group,,_blank,false,false
/groepe/,empty,,Senior tee Whatsapp groep,,_blank,false,false
/groepe/,external,https://wordpress.org/,Proudly powered by WordPress,,,false,true
/meer-oor-ons/span/,anchor,#content,Skip to content,,,false,false
/meer-oor-ons/span/,internal,https://www.kruispadhazeldean.co.za/,,,,false,false
/meer-oor-ons/span/,internal,https://www.kruispadhazeldean.co.za/,Kruispad Hazeldean Gemeente,,,false,false
/meer-oor-ons/span/,internal,https://www.kruispadhazeldean.co.za/,Tuis,,,true,false
/meer-oor-ons/span/,internal,https://www.kruispadhazeldean.co.za/home/kruispad-erediens/,Kruispad Gemeente,,,true,false
/meer-oor-ons/span/,internal,https://www.kruispadhazeldean.co.za/cafe-berea/,Cafe Berea,,,true,false
/meer-oor-ons/span/,internal,https://www.kruispadhazeldean.co.za/groepe/,Vind jou plek,,,true,false
/meer-oor-ons/span/,internal,https://www.kruispadhazeldean.co.za/odos-kidz/,Odos Kids,,,true,false
/meer-oor-ons/span/,internal,https://www.kruispadhazeldean.co.za/meer-oor-ons/,Wie is ons,,,true,false
/meer-oor-ons/span/,internal,https://www.kruispadhazeldean.co.za/meer-oor-ons/droom-van-kruispad/,Droom van Kruispad,,,true,false
/meer-oor-ons/span/,internal,https://www.kruispadhazeldean.co.za/meer-oor-ons/span/,Span,,,true,false
/meer-oor-ons/span/,internal,https://www.kruispadhazeldean.co.za/groepe/organisasies/,Groepe,,,true,false
/meer-oor-ons/span/,internal,https://www.kruispadhazeldean.co.za/dien/elios/,Eleos,,,true,false
/meer-oor-ons/span/,internal,https://www.kruispadhazeldean.co.za/dien/kairos/,Kairos,,,true,false
/meer-oor-ons/span/,internal,https://www.kruispadhazeldean.co.za/?page_id=485,Eredienste,,,true,false
/meer-oor-ons/span/,internal,https://www.kruispadhazeldean.co.za/preke-en-media/fred-suzi/,Suzi,,,true,false
/meer-oor-ons/span/,internal,https://www.kruispadhazeldean.co.za/preke-en-media/preke/,Preke,,,true,false
/meer-oor-ons/span/,internal,https://www.kruispadhazeldean.co.za/2026-kalender/,2026 Kalender,,,true,false
/meer-oor-ons/span/,internal,https://www.kruispadhazeldean.co.za/home/bydraes/,Bydraes,,,true,false
/meer-oor-ons/span/,internal,https://www.kruispadhazeldean.co.za/home/kontak-ons/,Kantore,,,true,false
/meer-oor-ons/span/,external,https://wordpress.org/,Proudly powered by WordPress,,,false,true
/groepe/organisasies/,anchor,#content,Skip to content,,,false,false
/groepe/organisasies/,internal,https://www.kruispadhazeldean.co.za/,,,,false,false
/groepe/organisasies/,internal,https://www.kruispadhazeldean.co.za/,Kruispad Hazeldean Gemeente,,,false,false
/groepe/organisasies/,internal,https://www.kruispadhazeldean.co.za/,Tuis,,,true,false
/groepe/organisasies/,internal,https://www.kruispadhazeldean.co.za/home/kruispad-erediens/,Kruispad Gemeente,,,true,false
/groepe/organisasies/,internal,https://www.kruispadhazeldean.co.za/cafe-berea/,Cafe Berea,,,true,false
/groepe/organisasies/,internal,https://www.kruispadhazeldean.co.za/groepe/,Vind jou plek,,,true,false
/groepe/organisasies/,internal,https://www.kruispadhazeldean.co.za/odos-kidz/,Odos Kids,,,true,false
/groepe/organisasies/,internal,https://www.kruispadhazeldean.co.za/meer-oor-ons/,Wie is ons,,,true,false
/groepe/organisasies/,internal,https://www.kruispadhazeldean.co.za/meer-oor-ons/droom-van-kruispad/,Droom van Kruispad,,,true,false
/groepe/organisasies/,internal,https://www.kruispadhazeldean.co.za/meer-oor-ons/span/,Span,,,true,false
/groepe/organisasies/,internal,https://www.kruispadhazeldean.co.za/groepe/organisasies/,Groepe,,,true,false
/groepe/organisasies/,internal,https://www.kruispadhazeldean.co.za/dien/elios/,Eleos,,,true,false
/groepe/organisasies/,internal,https://www.kruispadhazeldean.co.za/dien/kairos/,Kairos,,,true,false
/groepe/organisasies/,internal,https://www.kruispadhazeldean.co.za/?page_id=485,Eredienste,,,true,false
/groepe/organisasies/,internal,https://www.kruispadhazeldean.co.za/preke-en-media/fred-suzi/,Suzi,,,true,false
/groepe/organisasies/,internal,https://www.kruispadhazeldean.co.za/preke-en-media/preke/,Preke,,,true,false
/groepe/organisasies/,internal,https://www.kruispadhazeldean.co.za/2026-kalender/,2026 Kalender,,,true,false
/groepe/organisasies/,internal,https://www.kruispadhazeldean.co.za/home/bydraes/,Bydraes,,,true,false
/groepe/organisasies/,internal,https://www.kruispadhazeldean.co.za/home/kontak-ons/,Kantore,,,true,false
/groepe/organisasies/,internal,https://www.kruispadhazeldean.co.za/meer-oor-ons/organisasies/elios/,Eleos,,,false,false
/groepe/organisasies/,internal,https://www.kruispadhazeldean.co.za/meer-oor-ons/organisasies/elios/,,,,false,false
/groepe/organisasies/,internal,https://www.kruispadhazeldean.co.za/meer-oor-ons/organisasies/kairos/,,,,false,false
/groepe/organisasies/,internal,https://www.kruispadhazeldean.co.za/meer-oor-ons/organisasies/kairos/,Kairos,,,false,false
/groepe/organisasies/,external,https://wordpress.org/,Proudly powered by WordPress,,,false,true
/dien/elios/,anchor,#content,Skip to content,,,false,false
/dien/elios/,internal,https://www.kruispadhazeldean.co.za/,,,,false,false
/dien/elios/,internal,https://www.kruispadhazeldean.co.za/,Kruispad Hazeldean Gemeente,,,false,false
/dien/elios/,internal,https://www.kruispadhazeldean.co.za/,Tuis,,,true,false
/dien/elios/,internal,https://www.kruispadhazeldean.co.za/home/kruispad-erediens/,Kruispad Gemeente,,,true,false
/dien/elios/,internal,https://www.kruispadhazeldean.co.za/cafe-berea/,Cafe Berea,,,true,false
/dien/elios/,internal,https://www.kruispadhazeldean.co.za/groepe/,Vind jou plek,,,true,false
/dien/elios/,internal,https://www.kruispadhazeldean.co.za/odos-kidz/,Odos Kids,,,true,false
/dien/elios/,internal,https://www.kruispadhazeldean.co.za/meer-oor-ons/,Wie is ons,,,true,false
/dien/elios/,internal,https://www.kruispadhazeldean.co.za/meer-oor-ons/droom-van-kruispad/,Droom van Kruispad,,,true,false
/dien/elios/,internal,https://www.kruispadhazeldean.co.za/meer-oor-ons/span/,Span,,,true,false
/dien/elios/,internal,https://www.kruispadhazeldean.co.za/groepe/organisasies/,Groepe,,,true,false
/dien/elios/,internal,https://www.kruispadhazeldean.co.za/dien/elios/,Eleos,,,true,false
/dien/elios/,internal,https://www.kruispadhazeldean.co.za/dien/kairos/,Kairos,,,true,false
/dien/elios/,internal,https://www.kruispadhazeldean.co.za/?page_id=485,Eredienste,,,true,false
/dien/elios/,internal,https://www.kruispadhazeldean.co.za/preke-en-media/fred-suzi/,Suzi,,,true,false
/dien/elios/,internal,https://www.kruispadhazeldean.co.za/preke-en-media/preke/,Preke,,,true,false
/dien/elios/,internal,https://www.kruispadhazeldean.co.za/2026-kalender/,2026 Kalender,,,true,false
/dien/elios/,internal,https://www.kruispadhazeldean.co.za/home/bydraes/,Bydraes,,,true,false
/dien/elios/,internal,https://www.kruispadhazeldean.co.za/home/kontak-ons/,Kantore,,,true,false
/dien/elios/,external,https://eleos.co.za/,Volg die link na ons Webwerf,,,false,false
/dien/elios/,external,https://kairoscl.org.za/,Facebook,,_blank,false,false
/dien/elios/,external,https://eleos.co.za/,Globe,,_blank,false,false
/dien/elios/,external,https://wordpress.org/,Proudly powered by WordPress,,,false,true
/dien/kairos/,anchor,#content,Skip to content,,,false,false
/dien/kairos/,internal,https://www.kruispadhazeldean.co.za/,,,,false,false
/dien/kairos/,internal,https://www.kruispadhazeldean.co.za/,Kruispad Hazeldean Gemeente,,,false,false
/dien/kairos/,internal,https://www.kruispadhazeldean.co.za/,Tuis,,,true,false
/dien/kairos/,internal,https://www.kruispadhazeldean.co.za/home/kruispad-erediens/,Kruispad Gemeente,,,true,false
/dien/kairos/,internal,https://www.kruispadhazeldean.co.za/cafe-berea/,Cafe Berea,,,true,false
/dien/kairos/,internal,https://www.kruispadhazeldean.co.za/groepe/,Vind jou plek,,,true,false
/dien/kairos/,internal,https://www.kruispadhazeldean.co.za/odos-kidz/,Odos Kids,,,true,false
/dien/kairos/,internal,https://www.kruispadhazeldean.co.za/meer-oor-ons/,Wie is ons,,,true,false
/dien/kairos/,internal,https://www.kruispadhazeldean.co.za/meer-oor-ons/droom-van-kruispad/,Droom van Kruispad,,,true,false
/dien/kairos/,internal,https://www.kruispadhazeldean.co.za/meer-oor-ons/span/,Span,,,true,false
/dien/kairos/,internal,https://www.kruispadhazeldean.co.za/groepe/organisasies/,Groepe,,,true,false
/dien/kairos/,internal,https://www.kruispadhazeldean.co.za/dien/elios/,Eleos,,,true,false
/dien/kairos/,internal,https://www.kruispadhazeldean.co.za/dien/kairos/,Kairos,,,true,false
/dien/kairos/,internal,https://www.kruispadhazeldean.co.za/?page_id=485,Eredienste,,,true,false
/dien/kairos/,internal,https://www.kruispadhazeldean.co.za/preke-en-media/fred-suzi/,Suzi,,,true,false
/dien/kairos/,internal,https://www.kruispadhazeldean.co.za/preke-en-media/preke/,Preke,,,true,false
/dien/kairos/,internal,https://www.kruispadhazeldean.co.za/2026-kalender/,2026 Kalender,,,true,false
/dien/kairos/,internal,https://www.kruispadhazeldean.co.za/home/bydraes/,Bydraes,,,true,false
/dien/kairos/,internal,https://www.kruispadhazeldean.co.za/home/kontak-ons/,Kantore,,,true,false
/dien/kairos/,external,https://www.facebook.com/Kairos-632218386932616/?ref=page_internal,Facebook,,_blank,false,false
/dien/kairos/,external,https://kairoscl.org.za/,Globe,,_blank,false,false
/dien/kairos/,external,https://wordpress.org/,Proudly powered by WordPress,,,false,true
/dien/kairos/,video,https://www.kruispadhazeldean.co.za/wp-content/uploads/2021/02/WhatsApp-Video-2021-02-15-at-11.56.37.mp4,video,,,false,false
/odos-kidz/,anchor,#content,Skip to content,,,false,false
/odos-kidz/,internal,https://www.kruispadhazeldean.co.za/,,,,false,false
/odos-kidz/,internal,https://www.kruispadhazeldean.co.za/,Kruispad Hazeldean Gemeente,,,false,false
/odos-kidz/,internal,https://www.kruispadhazeldean.co.za/,Tuis,,,true,false
/odos-kidz/,internal,https://www.kruispadhazeldean.co.za/home/kruispad-erediens/,Kruispad Gemeente,,,true,false
/odos-kidz/,internal,https://www.kruispadhazeldean.co.za/cafe-berea/,Cafe Berea,,,true,false
/odos-kidz/,internal,https://www.kruispadhazeldean.co.za/groepe/,Vind jou plek,,,true,false
/odos-kidz/,internal,https://www.kruispadhazeldean.co.za/odos-kidz/,Odos Kids,,,true,false
/odos-kidz/,internal,https://www.kruispadhazeldean.co.za/meer-oor-ons/,Wie is ons,,,true,false
/odos-kidz/,internal,https://www.kruispadhazeldean.co.za/meer-oor-ons/droom-van-kruispad/,Droom van Kruispad,,,true,false
/odos-kidz/,internal,https://www.kruispadhazeldean.co.za/meer-oor-ons/span/,Span,,,true,false
/odos-kidz/,internal,https://www.kruispadhazeldean.co.za/groepe/organisasies/,Groepe,,,true,false
/odos-kidz/,internal,https://www.kruispadhazeldean.co.za/dien/elios/,Eleos,,,true,false
/odos-kidz/,internal,https://www.kruispadhazeldean.co.za/dien/kairos/,Kairos,,,true,false
/odos-kidz/,internal,https://www.kruispadhazeldean.co.za/?page_id=485,Eredienste,,,true,false
/odos-kidz/,internal,https://www.kruispadhazeldean.co.za/preke-en-media/fred-suzi/,Suzi,,,true,false
/odos-kidz/,internal,https://www.kruispadhazeldean.co.za/preke-en-media/preke/,Preke,,,true,false
/odos-kidz/,internal,https://www.kruispadhazeldean.co.za/2026-kalender/,2026 Kalender,,,true,false
/odos-kidz/,internal,https://www.kruispadhazeldean.co.za/home/bydraes/,Bydraes,,,true,false
/odos-kidz/,internal,https://www.kruispadhazeldean.co.za/home/kontak-ons/,Kantore,,,true,false
/odos-kidz/,external,https://www.odos.co.za/,,,,false,false
/odos-kidz/,external,https://www.odos.co.za/odos-1,,,,false,false
/odos-kidz/,external,https://www.odos.co.za/odos-2,,,,false,false
/odos-kidz/,external,https://www.odos.co.za/odos-3,,,,false,false
/odos-kidz/,external,https://www.odos.co.za/odos-4,,,,false,false
/odos-kidz/,external,https://www.odos.co.za/odos-5,,,,false,false
/odos-kidz/,external,https://www.odos.co.za/odos6,,,,false,false
/odos-kidz/,external,https://www.odos.co.za/odos-7,,,,false,false
/odos-kidz/,external,https://www.odos.co.za/copy-of-odos-8,,,,false,false
/odos-kidz/,mailto,mailto:admin@odos.co.za,admin@odos.co.za,,,false,false
/odos-kidz/,external,https://wordpress.org/,Proudly powered by WordPress,,,false,true
/home/bydraes/,anchor,#content,Skip to content,,,false,false
/home/bydraes/,internal,https://www.kruispadhazeldean.co.za/,,,,false,false
/home/bydraes/,internal,https://www.kruispadhazeldean.co.za/,Kruispad Hazeldean Gemeente,,,false,false
/home/bydraes/,internal,https://www.kruispadhazeldean.co.za/,Tuis,,,true,false
/home/bydraes/,internal,https://www.kruispadhazeldean.co.za/home/kruispad-erediens/,Kruispad Gemeente,,,true,false
/home/bydraes/,internal,https://www.kruispadhazeldean.co.za/cafe-berea/,Cafe Berea,,,true,false
/home/bydraes/,internal,https://www.kruispadhazeldean.co.za/groepe/,Vind jou plek,,,true,false
/home/bydraes/,internal,https://www.kruispadhazeldean.co.za/odos-kidz/,Odos Kids,,,true,false
/home/bydraes/,internal,https://www.kruispadhazeldean.co.za/meer-oor-ons/,Wie is ons,,,true,false
/home/bydraes/,internal,https://www.kruispadhazeldean.co.za/meer-oor-ons/droom-van-kruispad/,Droom van Kruispad,,,true,false
/home/bydraes/,internal,https://www.kruispadhazeldean.co.za/meer-oor-ons/span/,Span,,,true,false
/home/bydraes/,internal,https://www.kruispadhazeldean.co.za/groepe/organisasies/,Groepe,,,true,false
/home/bydraes/,internal,https://www.kruispadhazeldean.co.za/dien/elios/,Eleos,,,true,false
/home/bydraes/,internal,https://www.kruispadhazeldean.co.za/dien/kairos/,Kairos,,,true,false
/home/bydraes/,internal,https://www.kruispadhazeldean.co.za/?page_id=485,Eredienste,,,true,false
/home/bydraes/,internal,https://www.kruispadhazeldean.co.za/preke-en-media/fred-suzi/,Suzi,,,true,false
/home/bydraes/,internal,https://www.kruispadhazeldean.co.za/preke-en-media/preke/,Preke,,,true,false
/home/bydraes/,internal,https://www.kruispadhazeldean.co.za/2026-kalender/,2026 Kalender,,,true,false
/home/bydraes/,internal,https://www.kruispadhazeldean.co.za/home/bydraes/,Bydraes,,,true,false
/home/bydraes/,internal,https://www.kruispadhazeldean.co.za/home/kontak-ons/,Kantore,,,true,false
/home/bydraes/,external,https://wordpress.org/,Proudly powered by WordPress,,,false,true
/2026-kalender/,anchor,#content,Skip to content,,,false,false
/2026-kalender/,internal,https://www.kruispadhazeldean.co.za/,,,,false,false
/2026-kalender/,internal,https://www.kruispadhazeldean.co.za/,Kruispad Hazeldean Gemeente,,,false,false
/2026-kalender/,internal,https://www.kruispadhazeldean.co.za/,Tuis,,,true,false
/2026-kalender/,internal,https://www.kruispadhazeldean.co.za/home/kruispad-erediens/,Kruispad Gemeente,,,true,false
/2026-kalender/,internal,https://www.kruispadhazeldean.co.za/cafe-berea/,Cafe Berea,,,true,false
/2026-kalender/,internal,https://www.kruispadhazeldean.co.za/groepe/,Vind jou plek,,,true,false
/2026-kalender/,internal,https://www.kruispadhazeldean.co.za/odos-kidz/,Odos Kids,,,true,false
/2026-kalender/,internal,https://www.kruispadhazeldean.co.za/meer-oor-ons/,Wie is ons,,,true,false
/2026-kalender/,internal,https://www.kruispadhazeldean.co.za/meer-oor-ons/droom-van-kruispad/,Droom van Kruispad,,,true,false
/2026-kalender/,internal,https://www.kruispadhazeldean.co.za/meer-oor-ons/span/,Span,,,true,false
/2026-kalender/,internal,https://www.kruispadhazeldean.co.za/groepe/organisasies/,Groepe,,,true,false
/2026-kalender/,internal,https://www.kruispadhazeldean.co.za/dien/elios/,Eleos,,,true,false
/2026-kalender/,internal,https://www.kruispadhazeldean.co.za/dien/kairos/,Kairos,,,true,false
/2026-kalender/,internal,https://www.kruispadhazeldean.co.za/?page_id=485,Eredienste,,,true,false
/2026-kalender/,internal,https://www.kruispadhazeldean.co.za/preke-en-media/fred-suzi/,Suzi,,,true,false
/2026-kalender/,internal,https://www.kruispadhazeldean.co.za/preke-en-media/preke/,Preke,,,true,false
/2026-kalender/,internal,https://www.kruispadhazeldean.co.za/2026-kalender/,2026 Kalender,,,true,false
/2026-kalender/,internal,https://www.kruispadhazeldean.co.za/home/bydraes/,Bydraes,,,true,false
/2026-kalender/,internal,https://www.kruispadhazeldean.co.za/home/kontak-ons/,Kantore,,,true,false
/2026-kalender/,external,https://wordpress.org/,Proudly powered by WordPress,,,false,true
/category/uncategorized/,anchor,#content,Skip to content,,,false,false
/category/uncategorized/,internal,https://www.kruispadhazeldean.co.za/,,,,false,false
/category/uncategorized/,internal,https://www.kruispadhazeldean.co.za/,Kruispad Hazeldean Gemeente,,,false,false
/category/uncategorized/,internal,https://www.kruispadhazeldean.co.za/,Tuis,,,true,false
/category/uncategorized/,internal,https://www.kruispadhazeldean.co.za/home/kruispad-erediens/,Kruispad Gemeente,,,true,false
/category/uncategorized/,internal,https://www.kruispadhazeldean.co.za/cafe-berea/,Cafe Berea,,,true,false
/category/uncategorized/,internal,https://www.kruispadhazeldean.co.za/groepe/,Vind jou plek,,,true,false
/category/uncategorized/,internal,https://www.kruispadhazeldean.co.za/odos-kidz/,Odos Kids,,,true,false
/category/uncategorized/,internal,https://www.kruispadhazeldean.co.za/meer-oor-ons/,Wie is ons,,,true,false
/category/uncategorized/,internal,https://www.kruispadhazeldean.co.za/meer-oor-ons/droom-van-kruispad/,Droom van Kruispad,,,true,false
/category/uncategorized/,internal,https://www.kruispadhazeldean.co.za/meer-oor-ons/span/,Span,,,true,false
/category/uncategorized/,internal,https://www.kruispadhazeldean.co.za/groepe/organisasies/,Groepe,,,true,false
/category/uncategorized/,internal,https://www.kruispadhazeldean.co.za/dien/elios/,Eleos,,,true,false
/category/uncategorized/,internal,https://www.kruispadhazeldean.co.za/dien/kairos/,Kairos,,,true,false
/category/uncategorized/,internal,https://www.kruispadhazeldean.co.za/?page_id=485,Eredienste,,,true,false
/category/uncategorized/,internal,https://www.kruispadhazeldean.co.za/preke-en-media/fred-suzi/,Suzi,,,true,false
/category/uncategorized/,internal,https://www.kruispadhazeldean.co.za/preke-en-media/preke/,Preke,,,true,false
/category/uncategorized/,internal,https://www.kruispadhazeldean.co.za/2026-kalender/,2026 Kalender,,,true,false
/category/uncategorized/,internal,https://www.kruispadhazeldean.co.za/home/bydraes/,Bydraes,,,true,false
/category/uncategorized/,internal,https://www.kruispadhazeldean.co.za/home/kontak-ons/,Kantore,,,true,false
/category/uncategorized/,internal,https://www.kruispadhazeldean.co.za/droom-vir-kruispad/,"December 14, 2020December 14, 2020",,,false,false
/category/uncategorized/,internal,https://www.kruispadhazeldean.co.za/droom-vir-kruispad/,DROOM VIR KRUISPAD,,,false,false
/category/uncategorized/,external,https://wordpress.org/,Proudly powered by WordPress,,,false,true
/author/admin/,anchor,#content,Skip to content,,,false,false
/author/admin/,internal,https://www.kruispadhazeldean.co.za/,,,,false,false
/author/admin/,internal,https://www.kruispadhazeldean.co.za/,Kruispad Hazeldean Gemeente,,,false,false
/author/admin/,internal,https://www.kruispadhazeldean.co.za/,Tuis,,,true,false
/author/admin/,internal,https://www.kruispadhazeldean.co.za/home/kruispad-erediens/,Kruispad Gemeente,,,true,false
/author/admin/,internal,https://www.kruispadhazeldean.co.za/cafe-berea/,Cafe Berea,,,true,false
/author/admin/,internal,https://www.kruispadhazeldean.co.za/groepe/,Vind jou plek,,,true,false
/author/admin/,internal,https://www.kruispadhazeldean.co.za/odos-kidz/,Odos Kids,,,true,false
/author/admin/,internal,https://www.kruispadhazeldean.co.za/meer-oor-ons/,Wie is ons,,,true,false
/author/admin/,internal,https://www.kruispadhazeldean.co.za/meer-oor-ons/droom-van-kruispad/,Droom van Kruispad,,,true,false
/author/admin/,internal,https://www.kruispadhazeldean.co.za/meer-oor-ons/span/,Span,,,true,false
/author/admin/,internal,https://www.kruispadhazeldean.co.za/groepe/organisasies/,Groepe,,,true,false
/author/admin/,internal,https://www.kruispadhazeldean.co.za/dien/elios/,Eleos,,,true,false
/author/admin/,internal,https://www.kruispadhazeldean.co.za/dien/kairos/,Kairos,,,true,false
/author/admin/,internal,https://www.kruispadhazeldean.co.za/?page_id=485,Eredienste,,,true,false
/author/admin/,internal,https://www.kruispadhazeldean.co.za/preke-en-media/fred-suzi/,Suzi,,,true,false
/author/admin/,internal,https://www.kruispadhazeldean.co.za/preke-en-media/preke/,Preke,,,true,false
/author/admin/,internal,https://www.kruispadhazeldean.co.za/2026-kalender/,2026 Kalender,,,true,false
/author/admin/,internal,https://www.kruispadhazeldean.co.za/home/bydraes/,Bydraes,,,true,false
/author/admin/,internal,https://www.kruispadhazeldean.co.za/home/kontak-ons/,Kantore,,,true,false
/author/admin/,internal,https://www.kruispadhazeldean.co.za/droom-vir-kruispad/,"December 14, 2020December 14, 2020",,,false,false
/author/admin/,internal,https://www.kruispadhazeldean.co.za/droom-vir-kruispad/,DROOM VIR KRUISPAD,,,false,false
/author/admin/,external,https://wordpress.org/,Proudly powered by WordPress,,,false,true
/preke-en-media/kruispad-erediens/,anchor,#content,Skip to content,,,false,false
/preke-en-media/kruispad-erediens/,internal,https://www.kruispadhazeldean.co.za/,,,,false,false
/preke-en-media/kruispad-erediens/,internal,https://www.kruispadhazeldean.co.za/,Kruispad Hazeldean Gemeente,,,false,false
/preke-en-media/kruispad-erediens/,internal,https://www.kruispadhazeldean.co.za/,Tuis,,,true,false
/preke-en-media/kruispad-erediens/,internal,https://www.kruispadhazeldean.co.za/home/kruispad-erediens/,Kruispad Gemeente,,,true,false
/preke-en-media/kruispad-erediens/,internal,https://www.kruispadhazeldean.co.za/cafe-berea/,Cafe Berea,,,true,false
/preke-en-media/kruispad-erediens/,internal,https://www.kruispadhazeldean.co.za/groepe/,Vind jou plek,,,true,false
/preke-en-media/kruispad-erediens/,internal,https://www.kruispadhazeldean.co.za/odos-kidz/,Odos Kids,,,true,false
/preke-en-media/kruispad-erediens/,internal,https://www.kruispadhazeldean.co.za/meer-oor-ons/,Wie is ons,,,true,false
/preke-en-media/kruispad-erediens/,internal,https://www.kruispadhazeldean.co.za/meer-oor-ons/droom-van-kruispad/,Droom van Kruispad,,,true,false
/preke-en-media/kruispad-erediens/,internal,https://www.kruispadhazeldean.co.za/meer-oor-ons/span/,Span,,,true,false
/preke-en-media/kruispad-erediens/,internal,https://www.kruispadhazeldean.co.za/groepe/organisasies/,Groepe,,,true,false
/preke-en-media/kruispad-erediens/,internal,https://www.kruispadhazeldean.co.za/dien/elios/,Eleos,,,true,false
/preke-en-media/kruispad-erediens/,internal,https://www.kruispadhazeldean.co.za/dien/kairos/,Kairos,,,true,false
/preke-en-media/kruispad-erediens/,internal,https://www.kruispadhazeldean.co.za/?page_id=485,Eredienste,,,true,false
/preke-en-media/kruispad-erediens/,internal,https://www.kruispadhazeldean.co.za/preke-en-media/fred-suzi/,Suzi,,,true,false
/preke-en-media/kruispad-erediens/,internal,https://www.kruispadhazeldean.co.za/preke-en-media/preke/,Preke,,,true,false
/preke-en-media/kruispad-erediens/,internal,https://www.kruispadhazeldean.co.za/2026-kalender/,2026 Kalender,,,true,false
/preke-en-media/kruispad-erediens/,internal,https://www.kruispadhazeldean.co.za/home/bydraes/,Bydraes,,,true,false
/preke-en-media/kruispad-erediens/,internal,https://www.kruispadhazeldean.co.za/home/kontak-ons/,Kantore,,,true,false
/preke-en-media/kruispad-erediens/,external,https://www.google.com/maps/place/Curro+Hazeldean+preschool+and+primary+school/data=!4m2!3m1!1s0x0:0x4d954b43f85926c6?sa=X&ved=1t:2428&ictx=111,EREDIENS TYE,,,false,false
/preke-en-media/kruispad-erediens/,external,https://www.google.com/maps/place/Curro+Hazeldean+preschool+and+primary+school/data=!4m2!3m1!1s0x0:0x4d954b43f85926c6?sa=X&ved=1t:2428&ictx=111,Sondae 9:30-10:30,,,false,false
/preke-en-media/kruispad-erediens/,external,https://www.google.com/maps/place/Curro+Hazeldean+preschool+and+primary+school/data=!4m2!3m1!1s0x0:0x4d954b43f85926c6?sa=X&ved=1t:2428&ictx=111,,,,false,false
/preke-en-media/kruispad-erediens/,external,https://www.google.com/maps/place/Curro+Hazeldean+preschool+and+primary+school/data=!4m2!3m1!1s0x0:0x4d954b43f85926c6?sa=X&ved=1t:2428&ictx=111,Café Berea,,,false,false
/preke-en-media/kruispad-erediens/,external,https://www.google.com/maps/place/Curro+Hazeldean+preschool+and+primary+school/data=!4m2!3m1!1s0x0:0x4d954b43f85926c6?sa=X&ved=1t:2428&ictx=111,Sondae 17:30-18:30,,,false,false
/preke-en-media/kruispad-erediens/,external,https://www.facebook.com/Kruispad-Hazeldean-353684361326192,Facebook-f,,_blank,false,false
/preke-en-media/kruispad-erediens/,external,https://www.youtube.com/channel/UC1WmZGs_3AqwUd5CB1yLHag,Youtube,,_blank,false,false
/preke-en-media/kruispad-erediens/,external,https://www.instagram.com/kruispad_hazeldean/,Instagram,,_blank,false,false
/preke-en-media/kruispad-erediens/,external,https://wordpress.org/,Proudly powered by WordPress,,,false,true
/preke-en-media/kruispad-erediens/,iframe,https://www.google.com/maps/embed?pb=!1m18!1m12!1m3!1d4261.832821025031!2d28.374440386307644!3d-25.7754720882174!2m3!1f0!2f0!3f0!3m2!1i1024!2i768!4f13.1!3m3!1m2!1s0x1e955ea5d9640313%3A0xcfab33553886a848!2sKruispad%20Gemeente!5e1!3m2!1sen!2sza!4v1757171976686!5m2!1sen!2sza,,,,false,false
/preke-en-media/cafe-berea/,anchor,#content,Skip to content,,,false,false
/preke-en-media/cafe-berea/,internal,https://www.kruispadhazeldean.co.za/,,,,false,false
/preke-en-media/cafe-berea/,internal,https://www.kruispadhazeldean.co.za/,Kruispad Hazeldean Gemeente,,,false,false
/preke-en-media/cafe-berea/,internal,https://www.kruispadhazeldean.co.za/,Tuis,,,true,false
/preke-en-media/cafe-berea/,internal,https://www.kruispadhazeldean.co.za/home/kruispad-erediens/,Kruispad Gemeente,,,true,false
/preke-en-media/cafe-berea/,internal,https://www.kruispadhazeldean.co.za/cafe-berea/,Cafe Berea,,,true,false
/preke-en-media/cafe-berea/,internal,https://www.kruispadhazeldean.co.za/groepe/,Vind jou plek,,,true,false
/preke-en-media/cafe-berea/,internal,https://www.kruispadhazeldean.co.za/odos-kidz/,Odos Kids,,,true,false
/preke-en-media/cafe-berea/,internal,https://www.kruispadhazeldean.co.za/meer-oor-ons/,Wie is ons,,,true,false
/preke-en-media/cafe-berea/,internal,https://www.kruispadhazeldean.co.za/meer-oor-ons/droom-van-kruispad/,Droom van Kruispad,,,true,false
/preke-en-media/cafe-berea/,internal,https://www.kruispadhazeldean.co.za/meer-oor-ons/span/,Span,,,true,false
/preke-en-media/cafe-berea/,internal,https://www.kruispadhazeldean.co.za/groepe/organisasies/,Groepe,,,true,false
/preke-en-media/cafe-berea/,internal,https://www.kruispadhazeldean.co.za/dien/elios/,Eleos,,,true,false
/preke-en-media/cafe-berea/,internal,https://www.kruispadhazeldean.co.za/dien/kairos/,Kairos,,,true,false
/preke-en-media/cafe-berea/,internal,https://www.kruispadhazeldean.co.za/?page_id=485,Eredienste,,,true,false
/preke-en-media/cafe-berea/,internal,https://www.kruispadhazeldean.co.za/preke-en-media/fred-suzi/,Suzi,,,true,false
/preke-en-media/cafe-berea/,internal,https://www.kruispadhazeldean.co.za/preke-en-media/preke/,Preke,,,true,false
/preke-en-media/cafe-berea/,internal,https://www.kruispadhazeldean.co.za/2026-kalender/,2026 Kalender,,,true,false
/preke-en-media/cafe-berea/,internal,https://www.kruispadhazeldean.co.za/home/bydraes/,Bydraes,,,true,false
/preke-en-media/cafe-berea/,internal,https://www.kruispadhazeldean.co.za/home/kontak-ons/,Kantore,,,true,false
/preke-en-media/cafe-berea/,external,https://www.facebook.com/Kruispad-Hazeldean-353684361326192,Facebook-f,,_blank,false,false
/preke-en-media/cafe-berea/,external,https://www.youtube.com/channel/UC1WmZGs_3AqwUd5CB1yLHag,Youtube,,_blank,false,false
/preke-en-media/cafe-berea/,external,https://www.instagram.com/kruispad_hazeldean/,Instagram,,_blank,false,false
/preke-en-media/cafe-berea/,external,https://wordpress.org/,Proudly powered by WordPress,,,false,true
/preke-en-media/cafe-berea/,iframe,https://www.google.com/maps/embed?pb=!1m18!1m12!1m3!1d4261.832821025031!2d28.374440386307644!3d-25.7754720882174!2m3!1f0!2f0!3f0!3m2!1i1024!2i768!4f13.1!3m3!1m2!1s0x1e955ea5d9640313%3A0xcfab33553886a848!2sKruispad%20Gemeente!5e1!3m2!1sen!2sza!4v1757171976686!5m2!1sen!2sza,,,,false,false
/preke-en-media/cafe-berea/,video,https://www.youtube.com/watch?v=Oj_iAlDXcg4,elementor-video-widget,,,false,false
/preke-en-media/cafe-berea/,video,https://www.youtube.com/watch?v=vzfHCh55obs,elementor-video-widget,,,false,false
/home/odos-kidz/,anchor,#content,Skip to content,,,false,false
/home/odos-kidz/,internal,https://www.kruispadhazeldean.co.za/,,,,false,false
/home/odos-kidz/,internal,https://www.kruispadhazeldean.co.za/,Kruispad Hazeldean Gemeente,,,false,false
/home/odos-kidz/,internal,https://www.kruispadhazeldean.co.za/,Tuis,,,true,false
/home/odos-kidz/,internal,https://www.kruispadhazeldean.co.za/home/kruispad-erediens/,Kruispad Gemeente,,,true,false
/home/odos-kidz/,internal,https://www.kruispadhazeldean.co.za/cafe-berea/,Cafe Berea,,,true,false
/home/odos-kidz/,internal,https://www.kruispadhazeldean.co.za/groepe/,Vind jou plek,,,true,false
/home/odos-kidz/,internal,https://www.kruispadhazeldean.co.za/odos-kidz/,Odos Kids,,,true,false
/home/odos-kidz/,internal,https://www.kruispadhazeldean.co.za/meer-oor-ons/,Wie is ons,,,true,false
/home/odos-kidz/,internal,https://www.kruispadhazeldean.co.za/meer-oor-ons/droom-van-kruispad/,Droom van Kruispad,,,true,false
/home/odos-kidz/,internal,https://www.kruispadhazeldean.co.za/meer-oor-ons/span/,Span,,,true,false
/home/odos-kidz/,internal,https://www.kruispadhazeldean.co.za/groepe/organisasies/,Groepe,,,true,false
/home/odos-kidz/,internal,https://www.kruispadhazeldean.co.za/dien/elios/,Eleos,,,true,false
/home/odos-kidz/,internal,https://www.kruispadhazeldean.co.za/dien/kairos/,Kairos,,,true,false
/home/odos-kidz/,internal,https://www.kruispadhazeldean.co.za/?page_id=485,Eredienste,,,true,false
/home/odos-kidz/,internal,https://www.kruispadhazeldean.co.za/preke-en-media/fred-suzi/,Suzi,,,true,false
/home/odos-kidz/,internal,https://www.kruispadhazeldean.co.za/preke-en-media/preke/,Preke,,,true,false
/home/odos-kidz/,internal,https://www.kruispadhazeldean.co.za/2026-kalender/,2026 Kalender,,,true,false
/home/odos-kidz/,internal,https://www.kruispadhazeldean.co.za/home/bydraes/,Bydraes,,,true,false
/home/odos-kidz/,internal,https://www.kruispadhazeldean.co.za/home/kontak-ons/,Kantore,,,true,false
/home/odos-kidz/,external,https://www.odos.co.za/,,,,false,false
/home/odos-kidz/,external,https://www.odos.co.za/odos-1,,,,false,false
/home/odos-kidz/,external,https://www.odos.co.za/odos-2,,,,false,false
/home/odos-kidz/,external,https://www.odos.co.za/odos-3,,,,false,false
/home/odos-kidz/,external,https://www.odos.co.za/odos-4,,,,false,false
/home/odos-kidz/,external,https://www.odos.co.za/odos-5,,,,false,false
/home/odos-kidz/,external,https://www.odos.co.za/odos6,,,,false,false
/home/odos-kidz/,external,https://www.odos.co.za/odos-7,,,,false,false
/home/odos-kidz/,external,https://www.odos.co.za/copy-of-odos-8,,,,false,false
/home/odos-kidz/,mailto,mailto:admin@odos.co.za,admin@odos.co.za,,,false,false
/home/odos-kidz/,external,https://wordpress.org/,Proudly powered by WordPress,,,false,true
/meer-oor-ons/organisasies/,anchor,#content,Skip to content,,,false,false
/meer-oor-ons/organisasies/,internal,https://www.kruispadhazeldean.co.za/,,,,false,false
/meer-oor-ons/organisasies/,internal,https://www.kruispadhazeldean.co.za/,Kruispad Hazeldean Gemeente,,,false,false
/meer-oor-ons/organisasies/,internal,https://www.kruispadhazeldean.co.za/,Tuis,,,true,false
/meer-oor-ons/organisasies/,internal,https://www.kruispadhazeldean.co.za/home/kruispad-erediens/,Kruispad Gemeente,,,true,false
/meer-oor-ons/organisasies/,internal,https://www.kruispadhazeldean.co.za/cafe-berea/,Cafe Berea,,,true,false
/meer-oor-ons/organisasies/,internal,https://www.kruispadhazeldean.co.za/groepe/,Vind jou plek,,,true,false
/meer-oor-ons/organisasies/,internal,https://www.kruispadhazeldean.co.za/odos-kidz/,Odos Kids,,,true,false
/meer-oor-ons/organisasies/,internal,https://www.kruispadhazeldean.co.za/meer-oor-ons/,Wie is ons,,,true,false
/meer-oor-ons/organisasies/,internal,https://www.kruispadhazeldean.co.za/meer-oor-ons/droom-van-kruispad/,Droom van Kruispad,,,true,false
/meer-oor-ons/organisasies/,internal,https://www.kruispadhazeldean.co.za/meer-oor-ons/span/,Span,,,true,false
/meer-oor-ons/organisasies/,internal,https://www.kruispadhazeldean.co.za/groepe/organisasies/,Groepe,,,true,false
/meer-oor-ons/organisasies/,internal,https://www.kruispadhazeldean.co.za/dien/elios/,Eleos,,,true,false
/meer-oor-ons/organisasies/,internal,https://www.kruispadhazeldean.co.za/dien/kairos/,Kairos,,,true,false
/meer-oor-ons/organisasies/,internal,https://www.kruispadhazeldean.co.za/?page_id=485,Eredienste,,,true,false
/meer-oor-ons/organisasies/,internal,https://www.kruispadhazeldean.co.za/preke-en-media/fred-suzi/,Suzi,,,true,false
/meer-oor-ons/organisasies/,internal,https://www.kruispadhazeldean.co.za/preke-en-media/preke/,Preke,,,true,false
/meer-oor-ons/organisasies/,internal,https://www.kruispadhazeldean.co.za/2026-kalender/,2026 Kalender,,,true,false
/meer-oor-ons/organisasies/,internal,https://www.kruispadhazeldean.co.za/home/bydraes/,Bydraes,,,true,false
/meer-oor-ons/organisasies/,internal,https://www.kruispadhazeldean.co.za/home/kontak-ons/,Kantore,,,true,false
/meer-oor-ons/organisasies/,internal,https://www.kruispadhazeldean.co.za/meer-oor-ons/organisasies/elios/,Eleos,,,false,false
/meer-oor-ons/organisasies/,internal,https://www.kruispadhazeldean.co.za/meer-oor-ons/organisasies/elios/,,,,false,false
/meer-oor-ons/organisasies/,internal,https://www.kruispadhazeldean.co.za/meer-oor-ons/organisasies/kairos/,,,,false,false
/meer-oor-ons/organisasies/,internal,https://www.kruispadhazeldean.co.za/meer-oor-ons/organisasies/kairos/,Kairos,,,false,false
/meer-oor-ons/organisasies/,external,https://wordpress.org/,Proudly powered by WordPress,,,false,true
/2020/12/,anchor,#content,Skip to content,,,false,false
/2020/12/,internal,https://www.kruispadhazeldean.co.za/,,,,false,false
/2020/12/,internal,https://www.kruispadhazeldean.co.za/,Kruispad Hazeldean Gemeente,,,false,false
/2020/12/,internal,https://www.kruispadhazeldean.co.za/,Tuis,,,true,false
/2020/12/,internal,https://www.kruispadhazeldean.co.za/home/kruispad-erediens/,Kruispad Gemeente,,,true,false
/2020/12/,internal,https://www.kruispadhazeldean.co.za/cafe-berea/,Cafe Berea,,,true,false
/2020/12/,internal,https://www.kruispadhazeldean.co.za/groepe/,Vind jou plek,,,true,false
/2020/12/,internal,https://www.kruispadhazeldean.co.za/odos-kidz/,Odos Kids,,,true,false
/2020/12/,internal,https://www.kruispadhazeldean.co.za/meer-oor-ons/,Wie is ons,,,true,false
/2020/12/,internal,https://www.kruispadhazeldean.co.za/meer-oor-ons/droom-van-kruispad/,Droom van Kruispad,,,true,false
/2020/12/,internal,https://www.kruispadhazeldean.co.za/meer-oor-ons/span/,Span,,,true,false
/2020/12/,internal,https://www.kruispadhazeldean.co.za/groepe/organisasies/,Groepe,,,true,false
/2020/12/,internal,https://www.kruispadhazeldean.co.za/dien/elios/,Eleos,,,true,false
/2020/12/,internal,https://www.kruispadhazeldean.co.za/dien/kairos/,Kairos,,,true,false
/2020/12/,internal,https://www.kruispadhazeldean.co.za/?page_id=485,Eredienste,,,true,false
/2020/12/,internal,https://www.kruispadhazeldean.co.za/preke-en-media/fred-suzi/,Suzi,,,true,false
/2020/12/,internal,https://www.kruispadhazeldean.co.za/preke-en-media/preke/,Preke,,,true,false
/2020/12/,internal,https://www.kruispadhazeldean.co.za/2026-kalender/,2026 Kalender,,,true,false
/2020/12/,internal,https://www.kruispadhazeldean.co.za/home/bydraes/,Bydraes,,,true,false
/2020/12/,internal,https://www.kruispadhazeldean.co.za/home/kontak-ons/,Kantore,,,true,false
/2020/12/,internal,https://www.kruispadhazeldean.co.za/droom-vir-kruispad/,"December 14, 2020December 14, 2020",,,false,false
/2020/12/,internal,https://www.kruispadhazeldean.co.za/droom-vir-kruispad/,DROOM VIR KRUISPAD,,,false,false
/2020/12/,external,https://wordpress.org/,Proudly powered by WordPress,,,false,true
