id,filename,source_url,mime,width,height,orientation,alt_text,title,caption,post_parent,date,bytes,sha256,download,local_path,used_on
4116,4116_mobile_874723-99.avif,https://www.kruispadhazeldean.co.za/wp-content/uploads/2026/09/mobile_874723-99.avif,image/avif,740,740,square,,mobile_874723-99,,863,2026-09-08T10:56:24,1926,7ad75af7cf12fda17f180b77cd0fb629275a844f8577700c32f88290eeb580c9,downloaded,assets/4116_mobile_874723-99.avif,/preke-en-media/preke/
3876,3876_Green-Organic-Tea-Its-time-for-Tea-Your-Story.png,https://www.kruispadhazeldean.co.za/wp-content/uploads/2025/09/Green-Organic-Tea-Its-time-for-Tea-Your-Story.png,image/png,940,788,landscape,,Green Organic Tea It&#8217;s time for Tea Your Story,,865,2025-09-06T16:27:19,954259,11cccd4daf15e120d653d03fcf1ba672bb01df32e261e6d81de9ac6c5b0c30b0,downloaded,assets/3876_Green-Organic-Tea-Its-time-for-Tea-Your-Story.png,/groepe/
3875,3875_Green-Organic-Tea-Its-time-for-Tea-Your-Story.mp4,https://www.kruispadhazeldean.co.za/wp-content/uploads/2025/09/Green-Organic-Tea-Its-time-for-Tea-Your-Story.mp4,video/mp4,940,788,landscape,,Green Organic Tea It&#8217;s time for Tea Your Story,https://www.kruispadhazeldean.co.za/wp-content/uploads/2025/09/Green-Organic-Tea-Its-time-for-Tea-Your-Story.mp4,865,2025-09-06T16:26:58,278888,58531cba916156ccd5c15625a2bc01289ea4fdd70c0510891215ab721108922f,downloaded,assets/3875_Green-Organic-Tea-Its-time-for-Tea-Your-Story.mp4,
3861,3861_Black-Yellow-Modern-Young-Creative-Podcast-Instagram-Post.png,https://www.kruispadhazeldean.co.za/wp-content/uploads/2025/09/Black-Yellow-Modern-Young-Creative-Podcast-Instagram-Post.png,image/png,1080,1080,square,,Black Yellow Modern Young Creative Podcast Instagram Post,,865,2025-09-06T16:14:23,472042,636936a4cb769e7982f01bde41469744ef3f04ab559707ac8103a57cdd7f15f7,downloaded,assets/3861_Black-Yellow-Modern-Young-Creative-Podcast-Instagram-Post.png,/groepe/
3818,3818_KPmoments-49-1-scaled.jpg,https://www.kruispadhazeldean.co.za/wp-content/uploads/2025/09/KPmoments-49-1-scaled.jpg,image/jpeg,1707,2560,portrait,,KPmoments-49,,,2025-09-04T14:05:04,338138,ff5830f880e6d1ea80eca32582466e18f2a4cd3997ae20de8b4639607caecf0d,downloaded,assets/3818_KPmoments-49-1-scaled.jpg,
3817,3817_KPmoments-48-scaled.jpg,https://www.kruispadhazeldean.co.za/wp-content/uploads/2025/09/KPmoments-48-scaled.jpg,image/jpeg,1707,2560,portrait,,KPmoments-48,,,2025-09-04T14:04:52,418472,06f47816cd3d58944792d9d2675051ad3e51a7aee33610e5379ee32b02f34ba6,downloaded,assets/3817_KPmoments-48-scaled.jpg,
3816,3816_KPmoments-46-scaled.jpg,https://www.kruispadhazeldean.co.za/wp-content/uploads/2025/09/KPmoments-46-scaled.jpg,image/jpeg,1707,2560,portrait,,KPmoments-46,,,2025-09-04T14:04:40,537344,482d9cc805d698533351267adaead5248692f6c8c90a0385b75738a5ad640b7d,downloaded,assets/3816_KPmoments-46-scaled.jpg,
3815,3815_KPmoments-39-scaled.jpg,https://www.kruispadhazeldean.co.za/wp-content/uploads/2025/09/KPmoments-39-scaled.jpg,image/jpeg,1707,2560,portrait,,KPmoments-39,,,2025-09-04T14:04:27,490275,2701aaf04540bdd4dd23ffcb1bbb08bb2c216f53d74b4fe3e53d9e7ba33531de,downloaded,assets/3815_KPmoments-39-scaled.jpg,
3814,3814_KPmoments-34-scaled.jpg,https://www.kruispadhazeldean.co.za/wp-content/uploads/2025/09/KPmoments-34-scaled.jpg,image/jpeg,1707,2560,portrait,,KPmoments-34,,,2025-09-04T14:04:13,448904,829a4d61e9f1680fe2d1d853aa16828f56e0f7cad4934c3448017a9d7cd96be2,downloaded,assets/3814_KPmoments-34-scaled.jpg,
3813,3813_KPmoments-21-scaled.jpg,https://www.kruispadhazeldean.co.za/wp-content/uploads/2025/09/KPmoments-21-scaled.jpg,image/jpeg,1707,2560,portrait,,KPmoments-21,,,2025-09-04T14:04:00,241076,9f97eb00e419582acc5401f169ae1e02c19801fad1838646324d0019bebc93d1,downloaded,assets/3813_KPmoments-21-scaled.jpg,
3812,3812_KPmoments-11-1-scaled.jpg,https://www.kruispadhazeldean.co.za/wp-content/uploads/2025/09/KPmoments-11-1-scaled.jpg,image/jpeg,1706,2560,portrait,,KPmoments-11,,,2025-09-04T14:03:50,354678,ad5764d8323f151b94eab4c748d444c36dd1d647cf6041b6cbf3439e33da5738,downloaded,assets/3812_KPmoments-11-1-scaled.jpg,
3811,3811_KPmoments-7-scaled.jpg,https://www.kruispadhazeldean.co.za/wp-content/uploads/2025/09/KPmoments-7-scaled.jpg,image/jpeg,1707,2560,portrait,,KPmoments-7,,,2025-09-04T14:03:39,543794,0f325ebc9b30c28c1398eb0eac9f8bc4cd21253b0c858f944e1e6fcefa24c4aa,downloaded,assets/3811_KPmoments-7-scaled.jpg,
3810,3810_KPmoments-4-1-scaled.jpg,https://www.kruispadhazeldean.co.za/wp-content/uploads/2025/09/KPmoments-4-1-scaled.jpg,image/jpeg,1707,2560,portrait,,KPmoments-4,,,2025-09-04T14:03:29,493840,8c60c3c89e7ef0f2b962ba8d8d2bd0ea46b05bb55281075eadb1236819baf862,downloaded,assets/3810_KPmoments-4-1-scaled.jpg,/home/kontak-ons/
3809,3809_KPmoments-3-1-scaled.jpg,https://www.kruispadhazeldean.co.za/wp-content/uploads/2025/09/KPmoments-3-1-scaled.jpg,image/jpeg,1706,2560,portrait,,KPmoments-3,,,2025-09-04T14:03:16,381779,affcf00701f7990374027b2209632becbe94f26ffa4b638f993d820aa32ac31a,downloaded,assets/3809_KPmoments-3-1-scaled.jpg,
3808,3808_KPmoments-2.jpg,https://www.kruispadhazeldean.co.za/wp-content/uploads/2025/09/KPmoments-2.jpg,image/jpeg,960,1280,portrait,,KPmoments,,,2025-09-04T14:03:05,559081,7e1ac9f47e42c8018a20691efe40593f6029d30ce1597bc76dae8a72ffdd663d,downloaded,assets/3808_KPmoments-2.jpg,/home/kontak-ons/
3638,3638_KPmoments-49-scaled.jpg,https://www.kruispadhazeldean.co.za/wp-content/uploads/2025/09/KPmoments-49-scaled.jpg,image/jpeg,1707,2560,portrait,,KPmoments-49,,,2025-09-03T19:11:48,338138,ff5830f880e6d1ea80eca32582466e18f2a4cd3997ae20de8b4639607caecf0d,downloaded,assets/3638_KPmoments-49-scaled.jpg,/|/home/kontak-ons/|/home/kruispad-erediens/|/preke-en-media/kruispad-erediens/
3637,3637_KPmoments-33-scaled.jpg,https://www.kruispadhazeldean.co.za/wp-content/uploads/2025/09/KPmoments-33-scaled.jpg,image/jpeg,2560,1707,landscape,,KPmoments-33,,,2025-09-03T19:11:36,611236,1f10689e754b171d902dbf60e6816cdaf1c17708ec2e8893b1112b5b2e6f7367,downloaded,assets/3637_KPmoments-33-scaled.jpg,/|/home/kruispad-erediens/|/preke-en-media/kruispad-erediens/
3636,3636_KPmoments-26-1-scaled.jpg,https://www.kruispadhazeldean.co.za/wp-content/uploads/2025/09/KPmoments-26-1-scaled.jpg,image/jpeg,2560,1707,landscape,,KPmoments-26,,,2025-09-03T19:11:22,581224,b6378339ab99aae3d8da8814901182df0d0582ebc073ec338c469b91e925de0f,downloaded,assets/3636_KPmoments-26-1-scaled.jpg,/|/home/kruispad-erediens/|/preke-en-media/kruispad-erediens/
3635,3635_KPmoments-18-scaled.jpg,https://www.kruispadhazeldean.co.za/wp-content/uploads/2025/09/KPmoments-18-scaled.jpg,image/jpeg,2560,1707,landscape,,KPmoments-18,,,2025-09-03T19:11:07,602950,fbb79458e13928bf4f3cc417a828dc25b78c3f844516f60b41db098d1ecb67fd,downloaded,assets/3635_KPmoments-18-scaled.jpg,/|/home/kruispad-erediens/|/preke-en-media/kruispad-erediens/
3634,3634_KPmoments-11-scaled.jpg,https://www.kruispadhazeldean.co.za/wp-content/uploads/2025/09/KPmoments-11-scaled.jpg,image/jpeg,1706,2560,portrait,,KPmoments-11,,,2025-09-03T19:10:53,354678,ad5764d8323f151b94eab4c748d444c36dd1d647cf6041b6cbf3439e33da5738,downloaded,assets/3634_KPmoments-11-scaled.jpg,
3633,3633_KPmoments-8-scaled.jpg,https://www.kruispadhazeldean.co.za/wp-content/uploads/2025/09/KPmoments-8-scaled.jpg,image/jpeg,1707,2560,portrait,,KPmoments-8,,,2025-09-03T19:10:41,571331,5cac2b3b84fb762de132529ac65b9c42b417ec5d82b269316be15a99080fe227,downloaded,assets/3633_KPmoments-8-scaled.jpg,/|/home/kruispad-erediens/|/preke-en-media/kruispad-erediens/
3632,3632_KPmoments-4-scaled.jpg,https://www.kruispadhazeldean.co.za/wp-content/uploads/2025/09/KPmoments-4-scaled.jpg,image/jpeg,1707,2560,portrait,,KPmoments-4,,,2025-09-03T19:10:30,493840,8c60c3c89e7ef0f2b962ba8d8d2bd0ea46b05bb55281075eadb1236819baf862,downloaded,assets/3632_KPmoments-4-scaled.jpg,
3631,3631_KPmoments-3-scaled.jpg,https://www.kruispadhazeldean.co.za/wp-content/uploads/2025/09/KPmoments-3-scaled.jpg,image/jpeg,1706,2560,portrait,,KPmoments-3,,,2025-09-03T19:10:16,381779,affcf00701f7990374027b2209632becbe94f26ffa4b638f993d820aa32ac31a,downloaded,assets/3631_KPmoments-3-scaled.jpg,/|/home/kruispad-erediens/|/preke-en-media/kruispad-erediens/
3630,3630_KPmoments-1.jpg,https://www.kruispadhazeldean.co.za/wp-content/uploads/2025/09/KPmoments-1.jpg,image/jpeg,960,1280,portrait,,KPmoments,,,2025-09-03T19:10:09,559081,7e1ac9f47e42c8018a20691efe40593f6029d30ce1597bc76dae8a72ffdd663d,downloaded,assets/3630_KPmoments-1.jpg,
3606,3606_KRUISPAD-67-1-scaled.jpg,https://www.kruispadhazeldean.co.za/wp-content/uploads/2025/09/KRUISPAD-67-1-scaled.jpg,image/jpeg,2560,779,landscape,,KRUISPAD-67,,,2025-09-03T17:29:45,438438,7f79f6a313cc6ca0ecfd0f4dc3cfce5b96c76b940ceae00a673f1d94a6608cc6,downloaded,assets/3606_KRUISPAD-67-1-scaled.jpg,
3603,3603_cropped-Kruispad_Logo_Oranje-1.jpg,https://www.kruispadhazeldean.co.za/wp-content/uploads/2025/09/cropped-Kruispad_Logo_Oranje-1.jpg,image/jpeg,644,644,square,,cropped-Kruispad_Logo_Oranje-1.jpg,https://www.kruispadhazeldean.co.za/wp-content/uploads/2025/09/cropped-Kruispad_Logo_Oranje-1.jpg,3563,2025-09-03T17:21:12,72637,d0d49502b4afa8d2b085565ac6a0b6554c7e04a5b9cb8298e56afba5916b2ee8,downloaded,assets/3603_cropped-Kruispad_Logo_Oranje-1.jpg,
3581,3581_KPmoments-26-scaled.jpg,https://www.kruispadhazeldean.co.za/wp-content/uploads/2025/09/KPmoments-26-scaled.jpg,image/jpeg,2560,1707,landscape,,KPmoments-26,,,2025-09-03T16:08:33,581224,b6378339ab99aae3d8da8814901182df0d0582ebc073ec338c469b91e925de0f,downloaded,assets/3581_KPmoments-26-scaled.jpg,
3577,3577_KPmoments.jpg,https://www.kruispadhazeldean.co.za/wp-content/uploads/2025/09/KPmoments.jpg,image/jpeg,960,1280,portrait,,KPmoments,,,2025-09-03T13:31:24,559081,7e1ac9f47e42c8018a20691efe40593f6029d30ce1597bc76dae8a72ffdd663d,downloaded,assets/3577_KPmoments.jpg,
3568,3568_cropped-KRUISPAD-66-scaled-1.jpg,https://www.kruispadhazeldean.co.za/wp-content/uploads/2025/09/cropped-KRUISPAD-66-scaled-1.jpg,image/jpeg,2000,552,landscape,,KRUISPAD-66,https://www.kruispadhazeldean.co.za/wp-content/uploads/2025/09/cropped-KRUISPAD-66-scaled-1.jpg,,2025-09-03T11:19:49,256513,5bfa3a34eca710b939520ad44678808364c5d82bcb62796f10369a4a8a88d7ee,downloaded,assets/3568_cropped-KRUISPAD-66-scaled-1.jpg,/droom-vir-kruispad/|/meer-oor-ons/|/|/meer-oor-ons/droom-van-kruispad/|/home/kontak-ons/|/dien/|/home/kruispad-erediens/|/preke-en-media/fred-suzi/|/cafe-berea/|/preke-en-media/preke/|/groepe/|/meer-oor-ons/span/|/groepe/organisasies/|/dien/elios/|/dien/kairos/|/odos-kidz/|/home/bydraes/|/2026-kalender/|/category/uncategorized/|/author/admin/|/preke-en-media/kruispad-erediens/|/preke-en-media/cafe-berea/|/home/odos-kidz/|/meer-oor-ons/organisasies/|/2020/12/
3567,3567_KRUISPAD-66-scaled.jpg,https://www.kruispadhazeldean.co.za/wp-content/uploads/2025/09/KRUISPAD-66-scaled.jpg,image/jpeg,2560,1707,landscape,,KRUISPAD-66,,,2025-09-03T11:19:29,622632,ee116789a3f1b6bf3eadc7474c7cfff161a1b226c484032da936f0c4e9b3351c,downloaded,assets/3567_KRUISPAD-66-scaled.jpg,
3566,3566_KRUISPAD-67-scaled.jpg,https://www.kruispadhazeldean.co.za/wp-content/uploads/2025/09/KRUISPAD-67-scaled.jpg,image/jpeg,2560,779,landscape,,KRUISPAD-67,,,2025-09-03T11:18:58,438438,7f79f6a313cc6ca0ecfd0f4dc3cfce5b96c76b940ceae00a673f1d94a6608cc6,downloaded,assets/3566_KRUISPAD-67-scaled.jpg,
3564,3564_cropped-Kruispad_Logo_Oranje.jpg,https://www.kruispadhazeldean.co.za/wp-content/uploads/2025/09/cropped-Kruispad_Logo_Oranje.jpg,image/jpeg,250,250,square,,cropped-Kruispad_Logo_Oranje.jpg,https://www.kruispadhazeldean.co.za/wp-content/uploads/2025/09/cropped-Kruispad_Logo_Oranje.jpg,3563,2025-09-03T11:17:53,17582,64e730dcfdc5c250aafeba6cd683ce8fa86033c16172a54c6605daee64747dbb,downloaded,assets/3564_cropped-Kruispad_Logo_Oranje.jpg,/droom-vir-kruispad/|/meer-oor-ons/|/|/meer-oor-ons/droom-van-kruispad/|/home/kontak-ons/|/dien/|/home/kruispad-erediens/|/preke-en-media/fred-suzi/|/cafe-berea/|/preke-en-media/preke/|/groepe/|/meer-oor-ons/span/|/groepe/organisasies/|/dien/elios/|/dien/kairos/|/odos-kidz/|/home/bydraes/|/2026-kalender/|/category/uncategorized/|/author/admin/|/preke-en-media/kruispad-erediens/|/preke-en-media/cafe-berea/|/home/odos-kidz/|/meer-oor-ons/organisasies/|/2020/12/
3563,3563_Kruispad_Logo_Oranje.jpg,https://www.kruispadhazeldean.co.za/wp-content/uploads/2025/09/Kruispad_Logo_Oranje.jpg,image/jpeg,644,644,square,,Kruispad_Logo_Oranje,,,2025-09-03T11:17:47,428296,2a7a7645af435d566c548ae4780a9080bd0077e2cdce4f194685c7035544252d,downloaded,assets/3563_Kruispad_Logo_Oranje.jpg,
3486,3486_KRUISPAD-29-scaled-e1756886692751.jpg,https://www.kruispadhazeldean.co.za/wp-content/uploads/2025/09/KRUISPAD-29-scaled-e1756886692751.jpg,image/jpeg,1707,1408,landscape,,KRUISPAD-29,,,2025-09-03T10:04:08,247164,1a5d51937d71dddde0d4b2450ccc8b75c1918850433b16c10be9074604e0803f,downloaded,assets/3486_KRUISPAD-29-scaled-e1756886692751.jpg,/preke-en-media/fred-suzi/
3476,3476_KPSTAFF-4-scaled.jpg,https://www.kruispadhazeldean.co.za/wp-content/uploads/2025/09/KPSTAFF-4-scaled.jpg,image/jpeg,1707,2560,portrait,,KPSTAFF-4,,869,2025-09-03T10:00:36,612905,4b810728b397b5b9aa19448e46575e095794689980c581a2e1fcfddcc655423e,downloaded,assets/3476_KPSTAFF-4-scaled.jpg,
3475,3475_KPSTAFF-8-scaled.jpg,https://www.kruispadhazeldean.co.za/wp-content/uploads/2025/09/KPSTAFF-8-scaled.jpg,image/jpeg,1707,2560,portrait,,KPSTAFF-8,,869,2025-09-03T09:58:33,507506,cef0d7d24dc9cfeb3fa3fce0701290be74b4f26cefe979aa3bc6a9c107d2bbd7,downloaded,assets/3475_KPSTAFF-8-scaled.jpg,
3474,3474_KPSTAFF-6-scaled.jpg,https://www.kruispadhazeldean.co.za/wp-content/uploads/2025/09/KPSTAFF-6-scaled.jpg,image/jpeg,1707,2560,portrait,,KPSTAFF-6,,869,2025-09-03T09:56:56,601085,2961ea4f5db843c1e5301f90d0649e7b7f7b4c98e5d1f5c5999f72174b8e0546,downloaded,assets/3474_KPSTAFF-6-scaled.jpg,
3430,3430_Copy-of-Copy-of-Copy-of-Cafe-Berea-vakansie-4.png,https://www.kruispadhazeldean.co.za/wp-content/uploads/2025/09/Copy-of-Copy-of-Copy-of-Cafe-Berea-vakansie-4.png,image/png,1080,1080,square,,Copy of Copy of Copy of Cafe Berea vakansie (4),,861,2025-09-03T09:36:43,1015438,13760774110bb5793aee01d917ab6dbc583113c2357e98c7115ae2d57a22871c,downloaded,assets/3430_Copy-of-Copy-of-Copy-of-Cafe-Berea-vakansie-4.png,
3429,3429_KPSTAFF-3-scaled-e1756884934460.jpg,https://www.kruispadhazeldean.co.za/wp-content/uploads/2025/09/KPSTAFF-3-scaled-e1756884934460.jpg,image/jpeg,1673,1673,square,,KPSTAFF-3,,861,2025-09-03T09:34:02,416083,94ec01fd5016f75bf5b986e194d1e981471d7d31c99c81353ae3d1cf10ec395a,downloaded,assets/3429_KPSTAFF-3-scaled-e1756884934460.jpg,/cafe-berea/|/preke-en-media/cafe-berea/
3428,3428_Copy-of-Copy-of-Copy-of-Cafe-Berea-vakansie-3.png,https://www.kruispadhazeldean.co.za/wp-content/uploads/2025/09/Copy-of-Copy-of-Copy-of-Cafe-Berea-vakansie-3.png,image/png,1080,1080,square,,Copy of Copy of Copy of Cafe Berea vakansie (3),,861,2025-09-03T09:32:21,998162,7148fe74c1a94100456ec341e2fe2f10b12c202dc00d1aab928a96ad67640303,downloaded,assets/3428_Copy-of-Copy-of-Copy-of-Cafe-Berea-vakansie-3.png,
3426,3426_Copy-of-Copy-of-Copy-of-Cafe-Berea-vakansie-2.png,https://www.kruispadhazeldean.co.za/wp-content/uploads/2025/09/Copy-of-Copy-of-Copy-of-Cafe-Berea-vakansie-2.png,image/png,1080,1080,square,,Copy of Copy of Copy of Cafe Berea vakansie (2),,861,2025-09-03T09:30:57,1192317,d2e6c3ec673b42763c95b4dce4877a521ac891bbf0b57f16169cf82740ffe1c7,downloaded,assets/3426_Copy-of-Copy-of-Copy-of-Cafe-Berea-vakansie-2.png,
2919,2919_5ea4eea885192-1.jpg,https://www.kruispadhazeldean.co.za/wp-content/uploads/2021/04/5ea4eea885192-1.jpg,image/jpeg,2560,1372,landscape,,5ea4eea885192,,483,2021-04-21T15:55:19,146634,d58f645a2e8726c26ff920e8512561eb5f173c3517ef1675e7f2583b0957138c,downloaded,assets/2919_5ea4eea885192-1.jpg,/meer-oor-ons/
2914,2914_5ea4eea885192.jpg,https://www.kruispadhazeldean.co.za/wp-content/uploads/2021/04/5ea4eea885192.jpg,image/jpeg,2560,1372,landscape,,5ea4eea885192,,483,2021-04-21T15:21:13,146634,d58f645a2e8726c26ff920e8512561eb5f173c3517ef1675e7f2583b0957138c,downloaded,assets/2914_5ea4eea885192.jpg,
2870,2870_Image-11-1-scaled.jpg,https://www.kruispadhazeldean.co.za/wp-content/uploads/2021/04/Image-11-1-scaled.jpg,image/jpeg,2560,1172,landscape,,Image 11,,,2021-04-20T21:29:00,203481,1b3e5d882b83651b265ac138f8a2cf5e700111c744c8d94ea9c5242c37f98fee,downloaded,assets/2870_Image-11-1-scaled.jpg,/home/bydraes/
2869,2869_Image-9-1-scaled.jpg,https://www.kruispadhazeldean.co.za/wp-content/uploads/2021/04/Image-9-1-scaled.jpg,image/jpeg,2560,1318,landscape,,Image 9,,,2021-04-20T21:28:58,199829,a94a8b9aa0f19b09069fc898fd3baa5dd621434289a09982859cdee5b333fdae,downloaded,assets/2869_Image-9-1-scaled.jpg,/home/bydraes/
2868,2868_Image-7-1-scaled.jpg,https://www.kruispadhazeldean.co.za/wp-content/uploads/2021/04/Image-7-1-scaled.jpg,image/jpeg,2560,1229,landscape,,Image 7,,,2021-04-20T21:28:56,244155,3002fa1174a3bf828031ed3bb7cd40d0c3716f4f6dfa281afe38e842738159b0,downloaded,assets/2868_Image-7-1-scaled.jpg,/home/bydraes/
2867,2867_Image-6-1-scaled.jpg,https://www.kruispadhazeldean.co.za/wp-content/uploads/2021/04/Image-6-1-scaled.jpg,image/jpeg,2560,1316,landscape,,Image 6,,,2021-04-20T21:28:54,270905,1401db53d7405141d77873c0b8fda08b1d824f16fde58c3e79dac25ac9d34ad1,downloaded,assets/2867_Image-6-1-scaled.jpg,/home/bydraes/
2866,2866_Image-5-1-scaled.jpg,https://www.kruispadhazeldean.co.za/wp-content/uploads/2021/04/Image-5-1-scaled.jpg,image/jpeg,2560,1163,landscape,,Image 5,,,2021-04-20T21:28:52,196857,cac98d6480a210a847673a984f1a4e9ac7b2e17012b303a0419331692dd4ae46,downloaded,assets/2866_Image-5-1-scaled.jpg,/home/bydraes/
2865,2865_Image-2-1-scaled.jpg,https://www.kruispadhazeldean.co.za/wp-content/uploads/2021/04/Image-2-1-scaled.jpg,image/jpeg,2560,1319,landscape,,Image 2,,,2021-04-20T21:28:50,345604,2c9aedc4a0a457edd4bf72dd7c85db07c5c0f3987354c45b991b452b38244d1f,downloaded,assets/2865_Image-2-1-scaled.jpg,/home/bydraes/
2858,2858_Image-11-scaled.jpg,https://www.kruispadhazeldean.co.za/wp-content/uploads/2021/04/Image-11-scaled.jpg,image/jpeg,2560,1172,landscape,,Image 11,,,2021-04-20T21:26:24,203481,1b3e5d882b83651b265ac138f8a2cf5e700111c744c8d94ea9c5242c37f98fee,downloaded,assets/2858_Image-11-scaled.jpg,
2857,2857_Image-9-scaled.jpg,https://www.kruispadhazeldean.co.za/wp-content/uploads/2021/04/Image-9-scaled.jpg,image/jpeg,2560,1318,landscape,,Image 9,,,2021-04-20T21:26:20,199829,a94a8b9aa0f19b09069fc898fd3baa5dd621434289a09982859cdee5b333fdae,downloaded,assets/2857_Image-9-scaled.jpg,
2855,2855_Image-7-scaled.jpg,https://www.kruispadhazeldean.co.za/wp-content/uploads/2021/04/Image-7-scaled.jpg,image/jpeg,2560,1229,landscape,,Image 7,,,2021-04-20T21:26:03,244155,3002fa1174a3bf828031ed3bb7cd40d0c3716f4f6dfa281afe38e842738159b0,downloaded,assets/2855_Image-7-scaled.jpg,
2854,2854_Image-6-scaled.jpg,https://www.kruispadhazeldean.co.za/wp-content/uploads/2021/04/Image-6-scaled.jpg,image/jpeg,2560,1316,landscape,,Image 6,,,2021-04-20T21:26:01,270905,1401db53d7405141d77873c0b8fda08b1d824f16fde58c3e79dac25ac9d34ad1,downloaded,assets/2854_Image-6-scaled.jpg,
2853,2853_Image-5-scaled.jpg,https://www.kruispadhazeldean.co.za/wp-content/uploads/2021/04/Image-5-scaled.jpg,image/jpeg,2560,1163,landscape,,Image 5,,,2021-04-20T21:25:58,196857,cac98d6480a210a847673a984f1a4e9ac7b2e17012b303a0419331692dd4ae46,downloaded,assets/2853_Image-5-scaled.jpg,
2852,2852_Image-2-scaled.jpg,https://www.kruispadhazeldean.co.za/wp-content/uploads/2021/04/Image-2-scaled.jpg,image/jpeg,2560,1319,landscape,,Image 2,,,2021-04-20T21:25:56,345604,2c9aedc4a0a457edd4bf72dd7c85db07c5c0f3987354c45b991b452b38244d1f,downloaded,assets/2852_Image-2-scaled.jpg,
2553,2553_55e42d88-5b83-4d0a-af37-1150a44727b1.jpg,https://www.kruispadhazeldean.co.za/wp-content/uploads/2021/03/55e42d88-5b83-4d0a-af37-1150a44727b1.jpg,image/jpeg,1280,745,landscape,,55e42d88-5b83-4d0a-af37-1150a44727b1,,859,2021-03-03T15:31:51,67227,8e799e3d6bd425b24dd9e9fcd239f2ae30470e64f7324292c9a0772a9728ff4c,downloaded,assets/2553_55e42d88-5b83-4d0a-af37-1150a44727b1.jpg,/preke-en-media/fred-suzi/
2479,2479_Kairos-New002.jpg,https://www.kruispadhazeldean.co.za/wp-content/uploads/2021/02/Kairos-New002.jpg,image/jpeg,809,792,square,,Kairos New002,,865,2021-02-23T16:50:40,262023,ae7e6be9ee6533ed72efcbf3fc861e69e20b6040f44e84e3c479ed8e96a19cee,downloaded,assets/2479_Kairos-New002.jpg,
2478,2478_0837bfef-e5d7-4de6-875b-079d488eacdc-1.jpg,https://www.kruispadhazeldean.co.za/wp-content/uploads/2021/02/0837bfef-e5d7-4de6-875b-079d488eacdc-1.jpg,image/jpeg,596,549,landscape,,0837bfef-e5d7-4de6-875b-079d488eacdc,,865,2021-02-23T16:43:11,119762,d1308cef6ccb0ba873a04f6fdc6a389f22aa08c8554651da184bd8b0aff00445,downloaded,assets/2478_0837bfef-e5d7-4de6-875b-079d488eacdc-1.jpg,
2465,2465_Untitled-design.png,https://www.kruispadhazeldean.co.za/wp-content/uploads/2021/02/Untitled-design.png,image/png,2000,800,landscape,,Untitled design,,859,2021-02-23T16:27:48,1806867,d871cafc4386759c00f5367502fa04cfd88f27e77ab3808e22053ca078841a99,downloaded,assets/2465_Untitled-design.png,
2458,2458_Fred-Suzi.png,https://www.kruispadhazeldean.co.za/wp-content/uploads/2021/02/Fred-Suzi.png,image/png,1400,500,landscape,,Fred &#038; Suzi,,859,2021-02-23T16:20:06,872482,68813e68642a01e074a6fc094643179e3520fac41a433748f73998d469da7892,downloaded,assets/2458_Fred-Suzi.png,
2402,2402_Untitled_Complete.jpg,https://www.kruispadhazeldean.co.za/wp-content/uploads/2021/02/Untitled_Complete.jpg,image/jpeg,696,203,landscape,,Untitled_Complete,,873,2021-02-23T13:20:42,47641,b4ce086ad6f17556bf1d33ef2fc22d1da145b1b1f81cfc6cfda55b59e708d51f,downloaded,assets/2402_Untitled_Complete.jpg,/dien/elios/
2400,2400_0837bfef-e5d7-4de6-875b-079d488eacdc.jpg,https://www.kruispadhazeldean.co.za/wp-content/uploads/2021/02/0837bfef-e5d7-4de6-875b-079d488eacdc.jpg,image/jpeg,640,640,square,,0837bfef-e5d7-4de6-875b-079d488eacdc,,873,2021-02-23T13:12:12,47861,c7625e1b5dfe857bf057713c0ca3119a4d6d01d2ccf19715144657e8441e0ef0,downloaded,assets/2400_0837bfef-e5d7-4de6-875b-079d488eacdc.jpg,
2392,2392_13517638_632220273599094_1745208745569365393_o-1.jpg,https://www.kruispadhazeldean.co.za/wp-content/uploads/2021/02/13517638_632220273599094_1745208745569365393_o-1.jpg,image/jpeg,1215,900,landscape,,13517638_632220273599094_1745208745569365393_o,,871,2021-02-23T13:07:09,287806,6d7b4afe3b6afc5f1b587697eb3833f472c75bb5c06d315e803bb6fcc055c892,downloaded,assets/2392_13517638_632220273599094_1745208745569365393_o-1.jpg,/groepe/organisasies/|/meer-oor-ons/organisasies/
2391,2391_Untitled.jpg,https://www.kruispadhazeldean.co.za/wp-content/uploads/2021/02/Untitled.jpg,image/jpeg,1296,739,landscape,,Untitled,,871,2021-02-23T13:05:29,83419,fac0735a5585eeff6268cd9865885d85373694d7ba78441344466ecbbc493be2,downloaded,assets/2391_Untitled.jpg,/groepe/organisasies/|/meer-oor-ons/organisasies/
2386,2386_logo-main-Resize.jpg,https://www.kruispadhazeldean.co.za/wp-content/uploads/2021/02/logo-main-Resize.jpg,image/jpeg,998,977,square,,logo-main-Resize,,871,2021-02-23T12:49:57,125111,b329c7cac9904e58739e1a3e8a42bb3811fd4089d751efde291ef9eec3b07b0b,downloaded,assets/2386_logo-main-Resize.jpg,
2369,2369_LANDINGPAGECURROHAZELDEAN.fw_-1.png,https://www.kruispadhazeldean.co.za/wp-content/uploads/2021/02/LANDINGPAGECURROHAZELDEAN.fw_-1.png,image/png,699,247,landscape,,LANDINGPAGECURROHAZELDEAN.fw,,805,2021-02-22T15:15:06,1182757,07172d831147f2144a1428a42a5fe12458e972b662106b3b87626d924cbc4f1b,downloaded,assets/2369_LANDINGPAGECURROHAZELDEAN.fw_-1.png,/home/kontak-ons/
2368,2368_Tijger_2_699x247.jpg,https://www.kruispadhazeldean.co.za/wp-content/uploads/2021/02/Tijger_2_699x247.jpg,image/jpeg,699,247,landscape,,Tijger_2_699x247,,805,2021-02-22T15:12:02,89801,b85b9ef63c6bb7c79754150c2f9f94f2f24079b288488a24c96fb96aef228035,downloaded,assets/2368_Tijger_2_699x247.jpg,/home/kontak-ons/
2367,2367_LANDINGPAGECURROHAZELDEAN.fw_.png,https://www.kruispadhazeldean.co.za/wp-content/uploads/2021/02/LANDINGPAGECURROHAZELDEAN.fw_.png,image/png,699,247,landscape,,LANDINGPAGECURROHAZELDEAN.fw,,805,2021-02-22T15:12:01,1182757,07172d831147f2144a1428a42a5fe12458e972b662106b3b87626d924cbc4f1b,downloaded,assets/2367_LANDINGPAGECURROHAZELDEAN.fw_.png,
2323,2323_01.jpg,https://www.kruispadhazeldean.co.za/wp-content/uploads/2021/02/01.jpg,image/jpeg,731,271,landscape,,01,,865,2021-02-22T14:10:48,68910,ec92a725030f021ad2b7df9f4d808beaa9c84041ad79a3a6f48b44f8cccd9286,downloaded,assets/2323_01.jpg,
2307,2307_Kairos-Logo.jpg,https://www.kruispadhazeldean.co.za/wp-content/uploads/2021/02/Kairos-Logo.jpg,image/jpeg,363,263,landscape,,Kairos Logo,,865,2021-02-22T13:39:56,63851,3347219584ea5fdc3986a1de9a642309a9439e3859c326b99a405a0e55a99946,downloaded,assets/2307_Kairos-Logo.jpg,
2277,2277_maxresdefault.jpg,https://www.kruispadhazeldean.co.za/wp-content/uploads/2021/02/maxresdefault.jpg,image/jpeg,1280,720,landscape,,maxresdefault,,863,2021-02-22T12:59:34,25492,3ec14529e3d5f4d06042362b9fe5bb929ca4799954f1d928663d354e14e48fff,downloaded,assets/2277_maxresdefault.jpg,
2276,2276_youtube.jpg,https://www.kruispadhazeldean.co.za/wp-content/uploads/2021/02/youtube.jpg,image/jpeg,1200,675,landscape,,youtube,,863,2021-02-22T12:57:14,20756,137486c138449ac89e749d248972a72da57d8d6e19eed02772c5ea96705c82ad,downloaded,assets/2276_youtube.jpg,/preke-en-media/preke/
2187,2187_7a09c0d2-65c7-4f92-bd32-8f43a01f214d.jpg,https://www.kruispadhazeldean.co.za/wp-content/uploads/2021/02/7a09c0d2-65c7-4f92-bd32-8f43a01f214d.jpg,image/jpeg,324,363,portrait,,7a09c0d2-65c7-4f92-bd32-8f43a01f214d,,869,2021-02-22T11:57:26,60044,a728fa04ec9edef0f2fc238c3ea63998e7426329b5fee0fd053955f0afc32ce2,downloaded,assets/2187_7a09c0d2-65c7-4f92-bd32-8f43a01f214d.jpg,
2164,2164_e285d14b-c68f-4ea3-8a39-227714ca0c87.jpg,https://www.kruispadhazeldean.co.za/wp-content/uploads/2021/02/e285d14b-c68f-4ea3-8a39-227714ca0c87.jpg,image/jpeg,1006,1280,portrait,,e285d14b-c68f-4ea3-8a39-227714ca0c87,,869,2021-02-20T18:38:42,76106,30bca53c8d578ea92084b53927eff89adc68a05e1941cbf7bbd639a4ffea20dc,downloaded,assets/2164_e285d14b-c68f-4ea3-8a39-227714ca0c87.jpg,
2149,2149_WhatsApp-Video-2021-02-15-at-11.56.37.mp4,https://www.kruispadhazeldean.co.za/wp-content/uploads/2021/02/WhatsApp-Video-2021-02-15-at-11.56.37.mp4,video/mp4,640,480,landscape,,Verander Lewens,https://www.kruispadhazeldean.co.za/wp-content/uploads/2021/02/WhatsApp-Video-2021-02-15-at-11.56.37.mp4,875,2021-02-18T14:24:49,23274752,560ee52084ad3c495d47ba68957581115c92fe5a9348d989d1add63c60026e0d,downloaded,assets/2149_WhatsApp-Video-2021-02-15-at-11.56.37.mp4,
2145,2145_13517638_632220273599094_1745208745569365393_o.jpg,https://www.kruispadhazeldean.co.za/wp-content/uploads/2021/02/13517638_632220273599094_1745208745569365393_o.jpg,image/jpeg,1215,900,landscape,,13517638_632220273599094_1745208745569365393_o,,871,2021-02-18T14:23:39,287806,6d7b4afe3b6afc5f1b587697eb3833f472c75bb5c06d315e803bb6fcc055c892,downloaded,assets/2145_13517638_632220273599094_1745208745569365393_o.jpg,
2119,2119_0.jpg,https://www.kruispadhazeldean.co.za/wp-content/uploads/2021/02/0.jpg,image/jpeg,1158,272,landscape,,0,,875,2021-02-18T12:48:24,38030,9c2aa9f6083a3a852aeac3c921a7c7891b0f3f22ae5731021859f5248a96f1bb,downloaded,assets/2119_0.jpg,
2109,2109_ed5345e-897b-42.jpg,https://www.kruispadhazeldean.co.za/wp-content/uploads/2021/02/ed5345e-897b-42.jpg,image/jpeg,1280,754,landscape,,ed5345e 897b-42,,495,2021-02-17T21:56:38,56118,7dc6ac848ba5b95a70bc8717b608e7d83279c8627321ef0ec2ecf82c6552f511,downloaded,assets/2109_ed5345e-897b-42.jpg,/
2086,2086_finance2-1000x667_450x300.jpg,https://www.kruispadhazeldean.co.za/wp-content/uploads/2021/02/finance2-1000x667_450x300.jpg,image/jpeg,450,300,landscape,,finance2-1000x667_450x300,,869,2021-02-17T20:22:26,44129,7a0e8d728802bf80353109de97353a7ad8f9bce3d80ecd533726ad06f9a725b0,downloaded,assets/2086_finance2-1000x667_450x300.jpg,
2085,2085_kantoor-admin.jpg,https://www.kruispadhazeldean.co.za/wp-content/uploads/2021/02/kantoor-admin.jpg,image/jpeg,450,300,landscape,,kantoor-admin,,869,2021-02-17T20:19:32,23544,fc3567127ca1deb8ff9617471fd6fcd853324a12eca31c539a63da231a56358f,downloaded,assets/2085_kantoor-admin.jpg,
2058,2058_kairos_bigger_cl_689x474.jpg,https://www.kruispadhazeldean.co.za/wp-content/uploads/2021/02/kairos_bigger_cl_689x474.jpg,image/jpeg,689,474,landscape,,kairos_bigger_cl_689x474,,871,2021-02-17T19:18:48,55180,d33e0ce22ece799a1cab2446d10897087a449d0c449f6422f831f34ecd62f954,downloaded,assets/2058_kairos_bigger_cl_689x474.jpg,
2056,2056_logo-main_edit_689x474.jpg,https://www.kruispadhazeldean.co.za/wp-content/uploads/2021/02/logo-main_edit_689x474.jpg,image/jpeg,689,474,landscape,,logo-main_edit_689x474,,871,2021-02-17T19:12:08,76211,887ce78ad905d69ed412548161300fec52cf8340f9b1fc38003c6ab8c995dadb,downloaded,assets/2056_logo-main_edit_689x474.jpg,
2055,2055_logo-main_edit.jpg,https://www.kruispadhazeldean.co.za/wp-content/uploads/2021/02/logo-main_edit.jpg,image/jpeg,983,972,square,,logo-main_edit,,871,2021-02-17T19:12:07,123666,debf53fcae3e82b1451c87a3ed6a57f7a312dbaa6c765e74f9f17a60e174007f,downloaded,assets/2055_logo-main_edit.jpg,
2035,2035_Kidz-Static-2-1-scaled.jpg,https://www.kruispadhazeldean.co.za/wp-content/uploads/2021/02/Kidz-Static-2-1-scaled.jpg,image/jpeg,2560,1920,landscape,,Kidz Static 2,,1274,2021-02-17T18:28:00,647624,b4ef9020ac99faa289afcbd5c1e1c6cb47cfb45174acfbe26eb2fc71b388fb05,downloaded,assets/2035_Kidz-Static-2-1-scaled.jpg,
2018,2018_a1706e85-8793-4202-bbd3-b4d54d013249.jpg,https://www.kruispadhazeldean.co.za/wp-content/uploads/2021/02/a1706e85-8793-4202-bbd3-b4d54d013249.jpg,image/jpeg,955,860,landscape,,a1706e85-8793-4202-bbd3-b4d54d013249,,1986,2021-02-17T15:52:07,206106,a1af49fe2bfe07527fc97b69d06ffbca99de255753685ae6a5697b257538252c,downloaded,assets/2018_a1706e85-8793-4202-bbd3-b4d54d013249.jpg,/home/bydraes/
1934,1934_Mamelodi_.png,https://www.kruispadhazeldean.co.za/wp-content/uploads/2021/02/Mamelodi_.png,image/png,500,450,landscape,,Mamelodi_,,871,2021-02-15T15:13:01,240609,6090eefd604d039e69002b33c87e239e70279deda9f964c9d5b2d9882af13610,downloaded,assets/1934_Mamelodi_.png,
1933,1933_162142_111.png,https://www.kruispadhazeldean.co.za/wp-content/uploads/2021/02/162142_111.png,image/png,551,318,landscape,,162142_111,,871,2021-02-15T14:47:25,62223,16b63153f5ea956c25e015de1e7430d041419cf980185e88cfb8293f19930d61,downloaded,assets/1933_162142_111.png,
1932,1932_162142_111_111.png,https://www.kruispadhazeldean.co.za/wp-content/uploads/2021/02/162142_111_111.png,image/png,551,318,landscape,,162142_111_111,,871,2021-02-15T14:47:25,57717,5d3a9e6becafe8c9a739ff5ecb8c9fd62c467cd2432c314dae9a093065b86df5,downloaded,assets/1932_162142_111_111.png,
1915,1915_31e3fea5-7c03-49c3-9eeb-e4de533da5b8-e1619078208327.jpg,https://www.kruispadhazeldean.co.za/wp-content/uploads/2021/02/31e3fea5-7c03-49c3-9eeb-e4de533da5b8-e1619078208327.jpg,image/jpeg,1067,800,landscape,,31e3fea5-7c03-49c3-9eeb-e4de533da5b8,,861,2021-02-15T13:50:01,166211,106d95e66123f0389f94ba856d04416e7980a52f017a9e0c5ba6d49176b19de6,downloaded,assets/1915_31e3fea5-7c03-49c3-9eeb-e4de533da5b8-e1619078208327.jpg,
1911,1911_logo-main001.jpg,https://www.kruispadhazeldean.co.za/wp-content/uploads/2021/02/logo-main001.jpg,image/jpeg,1000,411,landscape,,logo-main001,,871,2021-02-15T13:48:27,55592,16ea971f5e0f1024db4e4bf86c09d8d4a195b6a8462012f14de5b92c57dcaa16,downloaded,assets/1911_logo-main001.jpg,
1909,1909_logo-main-1.jpg,https://www.kruispadhazeldean.co.za/wp-content/uploads/2021/02/logo-main-1.jpg,image/jpeg,1000,1389,portrait,,logo-main,,871,2021-02-15T13:46:34,166797,bacdf3291b6f3679e477a5c2eb79ac8222dd901e8cb149b563e5027286f1a20c,downloaded,assets/1909_logo-main-1.jpg,
1905,1905_b4a3a721-ac79-4c6b-b262-660363d1c0a4.jpg,https://www.kruispadhazeldean.co.za/wp-content/uploads/2021/02/b4a3a721-ac79-4c6b-b262-660363d1c0a4.jpg,image/jpeg,426,497,portrait,,b4a3a721-ac79-4c6b-b262-660363d1c0a4,,869,2021-02-15T13:39:35,140621,a9f8252785f1bb833026334ffda929e616074e1cc826ee1a00e654e4f8a0aa0b,downloaded,assets/1905_b4a3a721-ac79-4c6b-b262-660363d1c0a4.jpg,
1904,1904_25452f46-9163-4704-8d86-040019929475.jpg,https://www.kruispadhazeldean.co.za/wp-content/uploads/2021/02/25452f46-9163-4704-8d86-040019929475.jpg,image/jpeg,446,461,square,,25452f46-9163-4704-8d86-040019929475,,869,2021-02-15T13:39:35,134875,f65fb5f72517fce26e88ac6485402e93a5cbdeb109bf57f6999f46b3e6668688,downloaded,assets/1904_25452f46-9163-4704-8d86-040019929475.jpg,
1857,1857_Changing-view-from-space.jpg,https://www.kruispadhazeldean.co.za/wp-content/uploads/2021/02/Changing-view-from-space.jpg,image/jpeg,1920,800,landscape,,,,613,2021-02-15T12:24:27,396394,b22d3549c401c23a3e7e221c8a6d64b6a1a8689a10888fc5953cb300eee4fe6f,downloaded,assets/1857_Changing-view-from-space.jpg,
1853,1853_Berea-Cafe-Static-2-scaled.jpg,https://www.kruispadhazeldean.co.za/wp-content/uploads/2021/02/Berea-Cafe-Static-2-scaled.jpg,image/jpeg,2560,1898,landscape,,Berea Cafe Static,,861,2021-02-15T12:17:32,226398,5af4a4ad607a8de2e01f55fd305f4e8b15348770dfa9a971571d85f05d32e347,downloaded,assets/1853_Berea-Cafe-Static-2-scaled.jpg,/meer-oor-ons/
1825,1825_wallpapertip_crop-wallpaper_1172842-scaled.jpg,https://www.kruispadhazeldean.co.za/wp-content/uploads/2021/02/wallpapertip_crop-wallpaper_1172842-scaled.jpg,image/jpeg,2560,1440,landscape,,wallpapertip_crop-wallpaper_1172842,,857,2021-02-15T11:24:56,796424,30807211f49e5725fbd868ef1bb918c8f42761e694dd1731a5d6f33f84faafa0,downloaded,assets/1825_wallpapertip_crop-wallpaper_1172842-scaled.jpg,
1813,1813_Odos-Kidz-Thumb-1-scaled.jpg,https://www.kruispadhazeldean.co.za/wp-content/uploads/2021/02/Odos-Kidz-Thumb-1-scaled.jpg,image/jpeg,2560,1919,landscape,,Odos Kidz Thumb,,495,2021-02-15T11:16:39,500398,4836928379d952b22f6a19966f5df15440638e77e76bcf919a8d5e01a757a86d,downloaded,assets/1813_Odos-Kidz-Thumb-1-scaled.jpg,/odos-kidz/|/home/odos-kidz/
1812,1812_Berea-Cafe-Thumb-2-scaled.jpg,https://www.kruispadhazeldean.co.za/wp-content/uploads/2021/02/Berea-Cafe-Thumb-2-scaled.jpg,image/jpeg,2560,1920,landscape,,Berea Cafe Thumb,,495,2021-02-15T11:16:02,427632,75a2d88cb45b75e3cb46e418e557d723e4fd2da4a1370bb5e970c8ca80bbcc17,downloaded,assets/1812_Berea-Cafe-Thumb-2-scaled.jpg,
1811,1811_Kruispad-Thumb-1-scaled.jpg,https://www.kruispadhazeldean.co.za/wp-content/uploads/2021/02/Kruispad-Thumb-1-scaled.jpg,image/jpeg,2560,1914,landscape,,Kruispad Thumb,,495,2021-02-15T11:15:34,347412,32352aee125393cc52f64022cea571ca2f8e0f3b0d36d8956565b1fc5aaaef05,downloaded,assets/1811_Kruispad-Thumb-1-scaled.jpg,
1801,1801_763b626cc1344d891a400a1f52ed929b.jpg,https://www.kruispadhazeldean.co.za/wp-content/uploads/2021/02/763b626cc1344d891a400a1f52ed929b.jpg,image/jpeg,851,315,landscape,,763b626cc1344d891a400a1f52ed929b,,859,2021-02-14T11:46:11,34361,f0bbfeb3f0b91d6121911d803a45edfac9f87e812802ac72809589c5e62c1fa6,downloaded,assets/1801_763b626cc1344d891a400a1f52ed929b.jpg,
1790,1790_57451308d0a7613e06c4a9682b678bd6.jpg,https://www.kruispadhazeldean.co.za/wp-content/uploads/2021/02/57451308d0a7613e06c4a9682b678bd6.jpg,image/jpeg,850,313,landscape,,57451308d0a7613e06c4a9682b678bd6,,613,2021-02-14T09:16:29,37049,dbd21c60c130a7e61ca0fd3f875b77a08a71dc3e592e27f42e90cfbc44141e02,downloaded,assets/1790_57451308d0a7613e06c4a9682b678bd6.jpg,
1720,1720_Odos-10.jpg,https://www.kruispadhazeldean.co.za/wp-content/uploads/2021/02/Odos-10.jpg,image/jpeg,222,295,portrait,,Odos 10,,1274,2021-02-13T20:12:12,32453,5e410e34cbaeb90eaef65135e781c70d60b73c3dc1ec7dfd4e1b4f81ebc6c989,downloaded,assets/1720_Odos-10.jpg,/odos-kidz/|/home/odos-kidz/
1716,1716_Odos-9.jpg,https://www.kruispadhazeldean.co.za/wp-content/uploads/2021/02/Odos-9.jpg,image/jpeg,222,295,portrait,,Odos 9,,1274,2021-02-13T20:10:22,49289,de137e55055d3547a4a17014457cd1b51744d4ca94a7fa91249f497854efb0fe,downloaded,assets/1716_Odos-9.jpg,/odos-kidz/|/home/odos-kidz/
1712,1712_Odos-8.png,https://www.kruispadhazeldean.co.za/wp-content/uploads/2021/02/Odos-8.png,image/png,222,295,portrait,,Odos 8,,1274,2021-02-13T20:08:54,140593,fbbeb5f12c5d19394f64d5681a68b7b2c373bbccf2365dc8b79436a88115b7f1,downloaded,assets/1712_Odos-8.png,/odos-kidz/|/home/odos-kidz/
1711,1711_Odos-7.jpg,https://www.kruispadhazeldean.co.za/wp-content/uploads/2021/02/Odos-7.jpg,image/jpeg,222,295,portrait,,Odos 7,,1274,2021-02-13T20:04:58,48897,5b1dfa9f3a97f57b544e0cc1500d97913c89d93926121ef5ce5d1dbeca754e63,downloaded,assets/1711_Odos-7.jpg,/odos-kidz/|/home/odos-kidz/
1709,1709_Odos-6.png,https://www.kruispadhazeldean.co.za/wp-content/uploads/2021/02/Odos-6.png,image/png,222,295,portrait,,Odos 6,,1274,2021-02-13T20:01:35,157086,d0d0498cc3d585cdd91b89235893b1fa71e1740011daaf7376248f5890462fdf,downloaded,assets/1709_Odos-6.png,/odos-kidz/|/home/odos-kidz/
1705,1705_Odos-5.png,https://www.kruispadhazeldean.co.za/wp-content/uploads/2021/02/Odos-5.png,image/png,222,295,portrait,,Odos 5,,1274,2021-02-13T19:59:35,90388,990d854944b79ea77fbf81f4db5af31e50e7549f9affb9f065387e151b55b7e5,downloaded,assets/1705_Odos-5.png,/odos-kidz/|/home/odos-kidz/
1704,1704_Odos-4.png,https://www.kruispadhazeldean.co.za/wp-content/uploads/2021/02/Odos-4.png,image/png,218,295,portrait,,Odos 4,,1274,2021-02-13T19:58:55,151042,7f250a46168b7d57b8a19f45ded83ff398c4f614c9bcbb1a7824a136d6bd7536,downloaded,assets/1704_Odos-4.png,/odos-kidz/|/home/odos-kidz/
1700,1700_Odos-3.jpg,https://www.kruispadhazeldean.co.za/wp-content/uploads/2021/02/Odos-3.jpg,image/jpeg,222,295,portrait,,Odos 3,,1274,2021-02-13T19:56:45,36065,b468b755423066a695670832f5a78f542ed7c6ba7fa4803e4126a397d95ba166,downloaded,assets/1700_Odos-3.jpg,/odos-kidz/|/home/odos-kidz/
1696,1696_Odos-2.jpg,https://www.kruispadhazeldean.co.za/wp-content/uploads/2021/02/Odos-2.jpg,image/jpeg,222,295,portrait,,Odos 2,,1274,2021-02-13T19:53:29,40783,ca60f45b8248db92d5941d9702de9040bfa4af0eb72409b340e779999926e68d,downloaded,assets/1696_Odos-2.jpg,/odos-kidz/|/home/odos-kidz/
1691,1691_help.jpg,https://www.kruispadhazeldean.co.za/wp-content/uploads/2021/02/help.jpg,image/jpeg,500,443,landscape,,help,,873,2021-02-12T22:31:17,84930,3dd95a8b003182a7c31a230f03b6737c0fc8d01987e892eda74803ed354f0f83,downloaded,assets/1691_help.jpg,
1690,1690_history.jpg,https://www.kruispadhazeldean.co.za/wp-content/uploads/2021/02/history.jpg,image/jpeg,500,375,landscape,,history,,873,2021-02-12T22:30:54,50161,e8273c47b4918cde8f9a4174d4c43349a1bfae240d470da8ad931faa66fc65da,downloaded,assets/1690_history.jpg,
1685,1685_history2.jpg,https://www.kruispadhazeldean.co.za/wp-content/uploads/2021/02/history2.jpg,image/jpeg,500,375,landscape,,history2,,873,2021-02-12T22:21:43,57879,37871b2e6f19d6695693f1c03929853e575d0f0754450a46faa11508617b4858,downloaded,assets/1685_history2.jpg,
1681,1681_who-main1.jpg,https://www.kruispadhazeldean.co.za/wp-content/uploads/2021/02/who-main1.jpg,image/jpeg,780,437,landscape,,who-main1,,871,2021-02-12T22:19:06,86779,b033488b742a3c5155d31a3160039d1b62fe3de44c7c82540ae8ab9b08a4616c,downloaded,assets/1681_who-main1.jpg,
1653,1653_Image-9-1-scaled.jpg,https://www.kruispadhazeldean.co.za/wp-content/uploads/2021/02/Image-9-1-scaled.jpg,image/jpeg,2560,1914,landscape,,Image 9,,,2021-02-12T22:00:21,314958,6ad0e4c174deaf9ad085d9fe500745cfffb121206fcbc0d961187979b3eee097,downloaded,assets/1653_Image-9-1-scaled.jpg,/meer-oor-ons/
1652,1652_Image-8-1-scaled.jpg,https://www.kruispadhazeldean.co.za/wp-content/uploads/2021/02/Image-8-1-scaled.jpg,image/jpeg,2560,1937,landscape,,Image 8,,,2021-02-12T22:00:16,167103,95f1027c5f64eea95dabe98b93bf2a22c022b92ae3b1d46fb9e00ad556ea4765,downloaded,assets/1652_Image-8-1-scaled.jpg,/meer-oor-ons/
1651,1651_Image-7-1-scaled.jpg,https://www.kruispadhazeldean.co.za/wp-content/uploads/2021/02/Image-7-1-scaled.jpg,image/jpeg,2560,1925,landscape,,Image 7,,,2021-02-12T22:00:12,330249,8459676ed4aca32b974ebce379409ff265a81ee0fe88ad2e0249b9830165cabb,downloaded,assets/1651_Image-7-1-scaled.jpg,/meer-oor-ons/
1650,1650_Image-6-1-scaled.jpg,https://www.kruispadhazeldean.co.za/wp-content/uploads/2021/02/Image-6-1-scaled.jpg,image/jpeg,2560,1934,landscape,,Image 6,,,2021-02-12T22:00:08,335933,5b9883d6b1cd5f74387914dc899912a5a001ee6e63c596aa03a89316cc6967ed,downloaded,assets/1650_Image-6-1-scaled.jpg,/meer-oor-ons/
1649,1649_Image-5-1-scaled.jpg,https://www.kruispadhazeldean.co.za/wp-content/uploads/2021/02/Image-5-1-scaled.jpg,image/jpeg,2560,1921,landscape,,Image 5,,,2021-02-12T22:00:04,308074,4cd39fa913e301066ad10eae1fd0dfe88f55f59a493dea50f39d9f903325c1f4,downloaded,assets/1649_Image-5-1-scaled.jpg,/meer-oor-ons/
1647,1647_Image-3-1-scaled.jpg,https://www.kruispadhazeldean.co.za/wp-content/uploads/2021/02/Image-3-1-scaled.jpg,image/jpeg,2560,1927,landscape,,Image 3,,,2021-02-12T21:59:54,580850,2c00a9f280acc31be15ffa130b36a3ab1484a2ed6fe43a4de48f41c867a2606d,downloaded,assets/1647_Image-3-1-scaled.jpg,/meer-oor-ons/
1646,1646_Image-2-1-scaled.jpg,https://www.kruispadhazeldean.co.za/wp-content/uploads/2021/02/Image-2-1-scaled.jpg,image/jpeg,2560,1923,landscape,,Image 2,,,2021-02-12T21:59:50,389389,1b673033c4f973308c121904bf64ed539091853864cb20e0326fe95baf7ea357,downloaded,assets/1646_Image-2-1-scaled.jpg,/meer-oor-ons/
1645,1645_Image-1-1-scaled.jpg,https://www.kruispadhazeldean.co.za/wp-content/uploads/2021/02/Image-1-1-scaled.jpg,image/jpeg,2560,1917,landscape,,Image 1,,,2021-02-12T21:59:45,226626,9e4e9798f0b06224d820125474c6dadd1147239b2d591fcda38c9c28ae3b93c7,downloaded,assets/1645_Image-1-1-scaled.jpg,/meer-oor-ons/
1644,1644_Berea-Cafe-Thumb-1-scaled.jpg,https://www.kruispadhazeldean.co.za/wp-content/uploads/2021/02/Berea-Cafe-Thumb-1-scaled.jpg,image/jpeg,2560,1920,landscape,,Berea Cafe Thumb,,,2021-02-12T21:59:39,427632,75a2d88cb45b75e3cb46e418e557d723e4fd2da4a1370bb5e970c8ca80bbcc17,downloaded,assets/1644_Berea-Cafe-Thumb-1-scaled.jpg,/meer-oor-ons/
1643,1643_Berea-Cafe-Static-1-scaled.jpg,https://www.kruispadhazeldean.co.za/wp-content/uploads/2021/02/Berea-Cafe-Static-1-scaled.jpg,image/jpeg,2560,1898,landscape,,Berea Cafe Static,,,2021-02-12T21:59:35,226398,5af4a4ad607a8de2e01f55fd305f4e8b15348770dfa9a971571d85f05d32e347,downloaded,assets/1643_Berea-Cafe-Static-1-scaled.jpg,/meer-oor-ons/
1639,1639_Untitled001-1.png,https://www.kruispadhazeldean.co.za/wp-content/uploads/2021/02/Untitled001-1.png,image/png,218,295,portrait,,Untitled001,,1274,2021-02-12T21:51:34,120550,d2af4b5d83155eeb7852e2cb7f868a112b76b3d080f98182de67e8b3fdf40c7f,downloaded,assets/1639_Untitled001-1.png,/odos-kidz/|/home/odos-kidz/
1638,1638_Untitled001.png,https://www.kruispadhazeldean.co.za/wp-content/uploads/2021/02/Untitled001.png,image/png,1152,648,landscape,,Untitled001,,1274,2021-02-12T21:50:45,142787,af180d100bc9bbd1209e99dc39cf3b2f51a55ca99de8e084525dc72f4b6aff44,downloaded,assets/1638_Untitled001.png,
1636,1636_logo_7-1.png,https://www.kruispadhazeldean.co.za/wp-content/uploads/2021/02/logo_7-1.png,image/png,205,183,landscape,,logo_7-1.png,,,2021-02-12T21:45:05,2228,1d6ab44702cca62b3c2e80d26fecc9a2f91e57dc866007073fc1ca9e6769f985,downloaded,assets/1636_logo_7-1.png,
1635,1635_logo_6-1.png,https://www.kruispadhazeldean.co.za/wp-content/uploads/2021/02/logo_6-1.png,image/png,143,183,portrait,,logo_6-1.png,,,2021-02-12T21:45:05,2079,db2b408d8ba4393d4a567ec637c0ac4063e20a488ba30f807312fdb66f6b84cc,downloaded,assets/1635_logo_6-1.png,
1634,1634_logo_5-1.png,https://www.kruispadhazeldean.co.za/wp-content/uploads/2021/02/logo_5-1.png,image/png,184,183,square,,logo_5-1.png,,,2021-02-12T21:45:05,2140,9a32c4f2a134bf70aa145c6ed22fae13a7218e8adb806a54782a312779b10fd1,downloaded,assets/1634_logo_5-1.png,
1633,1633_logo_4-1.png,https://www.kruispadhazeldean.co.za/wp-content/uploads/2021/02/logo_4-1.png,image/png,170,183,portrait,,logo_4-1.png,,,2021-02-12T21:45:05,4046,58dc9d1e6dcc33c4a23dac1b390ea0e82090992094edcf519f43ac607e2ecc48,downloaded,assets/1633_logo_4-1.png,
1632,1632_logo_3-1.png,https://www.kruispadhazeldean.co.za/wp-content/uploads/2021/02/logo_3-1.png,image/png,232,183,landscape,,logo_3-1.png,,,2021-02-12T21:45:05,2185,d9e621d6be4665e8bb6e9bd4f24fdaa23c4ecea3c6b7a67677641e7b08803824,downloaded,assets/1632_logo_3-1.png,
1631,1631_logo_2-1.png,https://www.kruispadhazeldean.co.za/wp-content/uploads/2021/02/logo_2-1.png,image/png,177,183,square,,logo_2-1.png,,,2021-02-12T21:45:05,3472,13d6d7bd99374c5bc77ac75e98b7754181312228b892121c3b5e8946d1893616,downloaded,assets/1631_logo_2-1.png,
1630,1630_logo_1-1.png,https://www.kruispadhazeldean.co.za/wp-content/uploads/2021/02/logo_1-1.png,image/png,155,128,landscape,,logo_1-1.png,,,2021-02-12T21:45:05,806,a435a926b675b3be04cc5fa32daf94065374aff83cd02992e680bc28cefcb900,downloaded,assets/1630_logo_1-1.png,
1629,1629_expertise-1.jpg,https://www.kruispadhazeldean.co.za/wp-content/uploads/2021/02/expertise-1.jpg,image/jpeg,570,757,portrait,,expertise-1.jpg,,,2021-02-12T21:45:05,122720,9ce1fa1781755d63a734f5ad76c31f4da744bcbb2966a81db43a4e83208dbd6c,downloaded,assets/1629_expertise-1.jpg,
1628,1628_SERVICES_3-1.png,https://www.kruispadhazeldean.co.za/wp-content/uploads/2021/02/SERVICES_3-1.png,image/png,342,176,landscape,,SERVICES_3-1.png,,,2021-02-12T21:45:05,35795,aa44e23761ec62d793022daea6dcf5fbc4f99622a70de26c3433512b0a55563b,downloaded,assets/1628_SERVICES_3-1.png,
1627,1627_SERVICES_2-1.png,https://www.kruispadhazeldean.co.za/wp-content/uploads/2021/02/SERVICES_2-1.png,image/png,342,176,landscape,,SERVICES_2-1.png,,,2021-02-12T21:45:04,45766,7d1e21360fb19be71418209ecd63be194d7419d20bbda1d994f4aa5730902dfa,downloaded,assets/1627_SERVICES_2-1.png,
1626,1626_SEVICES_1-1.png,https://www.kruispadhazeldean.co.za/wp-content/uploads/2021/02/SEVICES_1-1.png,image/png,342,176,landscape,,SEVICES_1-1.png,,,2021-02-12T21:45:04,33596,956b03e8e1b71826259afcffcaa7ca0683c85fe10a8c51164754eb44a7accd6e,downloaded,assets/1626_SEVICES_1-1.png,
1618,1618_Odos-Kidz-Thumb-scaled.jpg,https://www.kruispadhazeldean.co.za/wp-content/uploads/2021/02/Odos-Kidz-Thumb-scaled.jpg,image/jpeg,2560,1919,landscape,,Odos Kidz Thumb,,1274,2021-02-12T21:38:35,500398,4836928379d952b22f6a19966f5df15440638e77e76bcf919a8d5e01a757a86d,downloaded,assets/1618_Odos-Kidz-Thumb-scaled.jpg,
1617,1617_Kruispad-Thumb-scaled.jpg,https://www.kruispadhazeldean.co.za/wp-content/uploads/2021/02/Kruispad-Thumb-scaled.jpg,image/jpeg,2560,1914,landscape,,Kruispad Thumb,,1274,2021-02-12T21:38:30,347412,32352aee125393cc52f64022cea571ca2f8e0f3b0d36d8956565b1fc5aaaef05,downloaded,assets/1617_Kruispad-Thumb-scaled.jpg,
1616,1616_Kruispad-Static-scaled.jpg,https://www.kruispadhazeldean.co.za/wp-content/uploads/2021/02/Kruispad-Static-scaled.jpg,image/jpeg,2560,1923,landscape,,Kruispad Static,,1274,2021-02-12T21:38:24,389784,669caba29a8a60e9e8b6e7c1b882fcda0987ce91e27ed4b304705e6ff4b6538b,downloaded,assets/1616_Kruispad-Static-scaled.jpg,
1615,1615_Kidz-Static-scaled.jpg,https://www.kruispadhazeldean.co.za/wp-content/uploads/2021/02/Kidz-Static-scaled.jpg,image/jpeg,2560,1920,landscape,,Kidz Static,,1274,2021-02-12T21:38:20,508550,60de844b1995736a11958e6872161d40ba5728eef73b1918c62732a47f38df8d,downloaded,assets/1615_Kidz-Static-scaled.jpg,
1614,1614_Kidz-Static-2-scaled.jpg,https://www.kruispadhazeldean.co.za/wp-content/uploads/2021/02/Kidz-Static-2-scaled.jpg,image/jpeg,2560,1920,landscape,,Kidz Static 2,,1274,2021-02-12T21:38:12,647624,b4ef9020ac99faa289afcbd5c1e1c6cb47cfb45174acfbe26eb2fc71b388fb05,downloaded,assets/1614_Kidz-Static-2-scaled.jpg,
1613,1613_Image-15-scaled.jpg,https://www.kruispadhazeldean.co.za/wp-content/uploads/2021/02/Image-15-scaled.jpg,image/jpeg,2560,1919,landscape,,Image 15,,1274,2021-02-12T21:38:08,449330,b51355c65bcac56374e49530d1cdcfdbde3e221a3db746b79294572a2a8b023f,downloaded,assets/1613_Image-15-scaled.jpg,
1612,1612_Image-14-scaled.jpg,https://www.kruispadhazeldean.co.za/wp-content/uploads/2021/02/Image-14-scaled.jpg,image/jpeg,2560,1908,landscape,,Image 14,,1274,2021-02-12T21:38:03,416038,74fc16f478e05f3623f6ce45d85fb72872122ca48d702264dada5290f3d9dd15,downloaded,assets/1612_Image-14-scaled.jpg,
1611,1611_Image-13-scaled.jpg,https://www.kruispadhazeldean.co.za/wp-content/uploads/2021/02/Image-13-scaled.jpg,image/jpeg,2560,1921,landscape,,Image 13,,1274,2021-02-12T21:37:59,218153,14dc801fffe7563a3d2cafd004b2e6eee5f94048a9d3d118e28acc61dc5d981c,downloaded,assets/1611_Image-13-scaled.jpg,
1610,1610_Image-12-scaled.jpg,https://www.kruispadhazeldean.co.za/wp-content/uploads/2021/02/Image-12-scaled.jpg,image/jpeg,2560,1921,landscape,,Image 12,,1274,2021-02-12T21:37:55,294349,c4045b48e45e8a805b7b2f165b6536ca7b3c206cc23d9196895b2b8d12f4bf23,downloaded,assets/1610_Image-12-scaled.jpg,
1609,1609_Image-11-scaled.jpg,https://www.kruispadhazeldean.co.za/wp-content/uploads/2021/02/Image-11-scaled.jpg,image/jpeg,2560,1920,landscape,,Image 11,,1274,2021-02-12T21:37:51,277443,32717794aaee933a09df8dda9b9f87b5194d8244caf8a01edd9a40da7d9d5124,downloaded,assets/1609_Image-11-scaled.jpg,
1608,1608_Image-10-scaled.jpg,https://www.kruispadhazeldean.co.za/wp-content/uploads/2021/02/Image-10-scaled.jpg,image/jpeg,2560,1915,landscape,,Image 10,,1274,2021-02-12T21:37:47,342461,a4994fce54a51fa8bdb1995f906ff87a00f0417c976448ef0106741627da0cd0,downloaded,assets/1608_Image-10-scaled.jpg,
1607,1607_Image-9-scaled.jpg,https://www.kruispadhazeldean.co.za/wp-content/uploads/2021/02/Image-9-scaled.jpg,image/jpeg,2560,1914,landscape,,Image 9,,1274,2021-02-12T21:37:43,314958,6ad0e4c174deaf9ad085d9fe500745cfffb121206fcbc0d961187979b3eee097,downloaded,assets/1607_Image-9-scaled.jpg,
1606,1606_Image-8-scaled.jpg,https://www.kruispadhazeldean.co.za/wp-content/uploads/2021/02/Image-8-scaled.jpg,image/jpeg,2560,1937,landscape,,Image 8,,1274,2021-02-12T21:37:39,167103,95f1027c5f64eea95dabe98b93bf2a22c022b92ae3b1d46fb9e00ad556ea4765,downloaded,assets/1606_Image-8-scaled.jpg,
1605,1605_Image-7-scaled.jpg,https://www.kruispadhazeldean.co.za/wp-content/uploads/2021/02/Image-7-scaled.jpg,image/jpeg,2560,1925,landscape,,Image 7,,1274,2021-02-12T21:37:35,330249,8459676ed4aca32b974ebce379409ff265a81ee0fe88ad2e0249b9830165cabb,downloaded,assets/1605_Image-7-scaled.jpg,
1604,1604_Image-6-scaled.jpg,https://www.kruispadhazeldean.co.za/wp-content/uploads/2021/02/Image-6-scaled.jpg,image/jpeg,2560,1934,landscape,,Image 6,,1274,2021-02-12T21:37:31,335933,5b9883d6b1cd5f74387914dc899912a5a001ee6e63c596aa03a89316cc6967ed,downloaded,assets/1604_Image-6-scaled.jpg,
1603,1603_Image-5-scaled.jpg,https://www.kruispadhazeldean.co.za/wp-content/uploads/2021/02/Image-5-scaled.jpg,image/jpeg,2560,1921,landscape,,Image 5,,1274,2021-02-12T21:37:27,308074,4cd39fa913e301066ad10eae1fd0dfe88f55f59a493dea50f39d9f903325c1f4,downloaded,assets/1603_Image-5-scaled.jpg,
1602,1602_Image-4-scaled.jpg,https://www.kruispadhazeldean.co.za/wp-content/uploads/2021/02/Image-4-scaled.jpg,image/jpeg,2560,1921,landscape,,Image 4,,1274,2021-02-12T21:37:23,525965,37e95082a6113185c7a31eab9ca4e7f75ec299d9aa961f01675fa3d07d838913,downloaded,assets/1602_Image-4-scaled.jpg,
1601,1601_Image-3-scaled.jpg,https://www.kruispadhazeldean.co.za/wp-content/uploads/2021/02/Image-3-scaled.jpg,image/jpeg,2560,1927,landscape,,Image 3,,1274,2021-02-12T21:37:19,580850,2c00a9f280acc31be15ffa130b36a3ab1484a2ed6fe43a4de48f41c867a2606d,downloaded,assets/1601_Image-3-scaled.jpg,
1600,1600_Image-2-scaled.jpg,https://www.kruispadhazeldean.co.za/wp-content/uploads/2021/02/Image-2-scaled.jpg,image/jpeg,2560,1923,landscape,,Image 2,,1274,2021-02-12T21:37:15,389389,1b673033c4f973308c121904bf64ed539091853864cb20e0326fe95baf7ea357,downloaded,assets/1600_Image-2-scaled.jpg,
1599,1599_Image-1-scaled.jpg,https://www.kruispadhazeldean.co.za/wp-content/uploads/2021/02/Image-1-scaled.jpg,image/jpeg,2560,1917,landscape,,Image 1,,1274,2021-02-12T21:37:10,226626,9e4e9798f0b06224d820125474c6dadd1147239b2d591fcda38c9c28ae3b93c7,downloaded,assets/1599_Image-1-scaled.jpg,
1598,1598_Berea-Cafe-Thumb-scaled.jpg,https://www.kruispadhazeldean.co.za/wp-content/uploads/2021/02/Berea-Cafe-Thumb-scaled.jpg,image/jpeg,2560,1920,landscape,,Berea Cafe Thumb,,1274,2021-02-12T21:37:03,427632,75a2d88cb45b75e3cb46e418e557d723e4fd2da4a1370bb5e970c8ca80bbcc17,downloaded,assets/1598_Berea-Cafe-Thumb-scaled.jpg,
1597,1597_Berea-Cafe-Static-scaled.jpg,https://www.kruispadhazeldean.co.za/wp-content/uploads/2021/02/Berea-Cafe-Static-scaled.jpg,image/jpeg,2560,1898,landscape,,Berea Cafe Static,,1274,2021-02-12T21:36:59,226398,5af4a4ad607a8de2e01f55fd305f4e8b15348770dfa9a971571d85f05d32e347,downloaded,assets/1597_Berea-Cafe-Static-scaled.jpg,
1464,1464_10562485_1389299154650234_2920936178038661121_o.jpg,https://www.kruispadhazeldean.co.za/wp-content/uploads/2021/02/10562485_1389299154650234_2920936178038661121_o.jpg,image/jpeg,2048,1468,landscape,,10562485_1389299154650234_2920936178038661121_o,,1274,2021-02-09T17:53:41,336488,b3722ff2eebd047e6aeaa5daa87af08d122c893c21f8d50efca6ccfa5a58d7d2,downloaded,assets/1464_10562485_1389299154650234_2920936178038661121_o.jpg,
1463,1463_69280998_2286473431599464_924389786595098624_o.jpg,https://www.kruispadhazeldean.co.za/wp-content/uploads/2021/02/69280998_2286473431599464_924389786595098624_o.jpg,image/jpeg,1440,1440,square,,69280998_2286473431599464_924389786595098624_o,,1274,2021-02-09T17:53:39,309206,fd6e39ccebb55bb8fe71db855a5bf2872894d7a78173f3d221d3e80c98ee3809,downloaded,assets/1463_69280998_2286473431599464_924389786595098624_o.jpg,
1462,1462_14086422_1675419452704868_3021850428297288931_o.png,https://www.kruispadhazeldean.co.za/wp-content/uploads/2021/02/14086422_1675419452704868_3021850428297288931_o.png,image/png,1001,479,landscape,,14086422_1675419452704868_3021850428297288931_o,,1274,2021-02-09T17:53:38,349757,7b3ce862d7b12d302db93fbc2cf99c338fc4b645ff61627092feb1f8593bd430,downloaded,assets/1462_14086422_1675419452704868_3021850428297288931_o.png,
1453,1453_cropped-cRXrwO.jpg,https://www.kruispadhazeldean.co.za/wp-content/uploads/2021/02/cropped-cRXrwO.jpg,image/jpeg,512,512,square,,cropped-cRXrwO.jpg,https://www.kruispadhazeldean.co.za/wp-content/uploads/2021/02/cropped-cRXrwO.jpg,,2021-02-08T20:56:19,31530,b378b736aee02cec38285febb568d6cb6927985546e7c0d04106eaf9510c4498,downloaded,assets/1453_cropped-cRXrwO.jpg,
1451,1451_cropped-Kruispad_Logo_Oranje-1.jpg,https://www.kruispadhazeldean.co.za/wp-content/uploads/2020/09/cropped-Kruispad_Logo_Oranje-1.jpg,image/jpeg,512,512,square,,cropped-Kruispad_Logo_Oranje-1.jpg,https://www.kruispadhazeldean.co.za/wp-content/uploads/2020/09/cropped-Kruispad_Logo_Oranje-1.jpg,,2021-02-08T20:55:49,47268,201bda0698b34aca4e74b1b939fc2f678fabd199d5a9d8d8ec01fa21744705c1,downloaded,assets/1451_cropped-Kruispad_Logo_Oranje-1.jpg,
1450,1450_cropped-Kruispad_Logo_Oranje.jpg,https://www.kruispadhazeldean.co.za/wp-content/uploads/2020/09/cropped-Kruispad_Logo_Oranje.jpg,image/jpeg,589,436,landscape,,cropped-Kruispad_Logo_Oranje.jpg,https://www.kruispadhazeldean.co.za/wp-content/uploads/2020/09/cropped-Kruispad_Logo_Oranje.jpg,,2021-02-08T20:55:00,40061,dcea03a8b9af6b09e3628aa4eb8e0893d90feb7b46523f25a87766d114a0eaee,downloaded,assets/1450_cropped-Kruispad_Logo_Oranje.jpg,
1431,1431_Kruispad_Logo_Oranje.jpg,https://www.kruispadhazeldean.co.za/wp-content/uploads/2020/09/Kruispad_Logo_Oranje.jpg,image/jpeg,644,644,square,,Kruispad_Logo_Oranje,,23,2021-02-08T15:51:45,428296,2a7a7645af435d566c548ae4780a9080bd0077e2cdce4f194685c7035544252d,downloaded,assets/1431_Kruispad_Logo_Oranje.jpg,
1416,1416_nickey-kolev-544018-unsplash.jpg,https://www.kruispadhazeldean.co.za/wp-content/uploads/2021/02/nickey-kolev-544018-unsplash.jpg,image/jpeg,1200,1200,square,,nickey-kolev-544018-unsplash.jpg,,,2021-02-08T15:29:54,94259,2cd4c7b18cc98fa62636354797bb18434bb66ed03321917dee1306398d932d13,downloaded,assets/1416_nickey-kolev-544018-unsplash.jpg,
1415,1415_edgar-chaparro-1056818-unsplash.jpg,https://www.kruispadhazeldean.co.za/wp-content/uploads/2021/02/edgar-chaparro-1056818-unsplash.jpg,image/jpeg,1200,1200,square,,edgar-chaparro-1056818-unsplash.jpg,,,2021-02-08T15:29:53,67207,c9ed588a0056f363afb489957c74a2806eefac68bb078f4298c9533c7c5dea20,downloaded,assets/1415_edgar-chaparro-1056818-unsplash.jpg,
1414,1414_aideal-hwa-600523-unsplash.jpg,https://www.kruispadhazeldean.co.za/wp-content/uploads/2021/02/aideal-hwa-600523-unsplash.jpg,image/jpeg,1200,1200,square,,aideal-hwa-600523-unsplash.jpg,,,2021-02-08T15:29:52,99478,68a94a124055df6f5ae32bd6986f6661792903cacd0c8f217d230c3f2b279844,downloaded,assets/1414_aideal-hwa-600523-unsplash.jpg,
1413,1413_xavier-teo-492427-unsplash.jpg,https://www.kruispadhazeldean.co.za/wp-content/uploads/2021/02/xavier-teo-492427-unsplash.jpg,image/jpeg,1200,1200,square,,xavier-teo-492427-unsplash.jpg,,,2021-02-08T15:29:51,202179,88ec9c4dd481d72bce4507578a0768f83eb246b7b765f659352a5af5b6d05b86,downloaded,assets/1413_xavier-teo-492427-unsplash.jpg,
1409,1409_wp4621689.jpg,https://www.kruispadhazeldean.co.za/wp-content/uploads/2021/02/wp4621689.jpg,image/jpeg,1600,900,landscape,,wp4621689,,495,2021-02-08T15:23:35,1081309,12944f48b4ae1719ad0331f083a0986d8b1fde3097b1032891bc0064acb4f25c,downloaded,assets/1409_wp4621689.jpg,
1408,1408_wheatfield3.png,https://www.kruispadhazeldean.co.za/wp-content/uploads/2021/02/wheatfield3.png,image/png,1280,720,landscape,,wheatfield3,,495,2021-02-08T15:23:33,1590096,c347bce1db0354276a43819c59b5b6ae9a6cc2066066c2f3829b466e34544d7d,downloaded,assets/1408_wheatfield3.png,
1407,1407_wedding-wallpaper-5.jpg,https://www.kruispadhazeldean.co.za/wp-content/uploads/2021/02/wedding-wallpaper-5.jpg,image/jpeg,1152,864,landscape,,wedding-wallpaper-5,,495,2021-02-08T15:23:32,150153,b85536b2846ebc27593539b04994b0ea5be482d3dbf716405f9bcdf12c888c31,downloaded,assets/1407_wedding-wallpaper-5.jpg,
1406,1406_wedding-bride-dress-nevesta-zhenikh-liubov-svadba-more-zakat.jpg,https://www.kruispadhazeldean.co.za/wp-content/uploads/2021/02/wedding-bride-dress-nevesta-zhenikh-liubov-svadba-more-zakat.jpg,image/jpeg,1332,850,landscape,,wedding-bride-dress-nevesta-zhenikh-liubov-svadba-more-zakat,,495,2021-02-08T15:23:31,219170,e39e8fce119700d3c280f3416fe6d6f0e5a35042e29c26bde66260589b0fa6a0,downloaded,assets/1406_wedding-bride-dress-nevesta-zhenikh-liubov-svadba-more-zakat.jpg,
1405,1405_unnamed.jpg,https://www.kruispadhazeldean.co.za/wp-content/uploads/2021/02/unnamed.jpg,image/jpeg,512,288,landscape,,unnamed,,495,2021-02-08T15:23:31,46221,24464865e631759ebd4bb671dc36ce5a18e5c716033a39a5721c871bbb80ebde,downloaded,assets/1405_unnamed.jpg,
1404,1404_summer-beach-photography-background-beautiful.jpg,https://www.kruispadhazeldean.co.za/wp-content/uploads/2021/02/summer-beach-photography-background-beautiful.jpg,image/jpeg,1000,661,landscape,,summer-beach-photography-background-beautiful,,495,2021-02-08T15:23:30,172924,d702f3fa08279d53069045ba8da79080355790545fbb49ebf8aa9025aa92d52d,downloaded,assets/1404_summer-beach-photography-background-beautiful.jpg,
1403,1403_photo-1496602910407-bacda74a0fe4.jpg,https://www.kruispadhazeldean.co.za/wp-content/uploads/2021/02/photo-1496602910407-bacda74a0fe4.jpg,image/jpeg,1000,714,landscape,,photo-1496602910407-bacda74a0fe4,,495,2021-02-08T15:23:30,45059,9049ac5dde392d46ed606580dc5d0135dd5901286da950ef56916827eb7033dc,downloaded,assets/1403_photo-1496602910407-bacda74a0fe4.jpg,
1402,1402_pexels-photo-1415131.jpeg,https://www.kruispadhazeldean.co.za/wp-content/uploads/2021/02/pexels-photo-1415131.jpeg,image/jpeg,500,333,landscape,,pexels-photo-1415131,,495,2021-02-08T15:23:30,10089,6e7eb375f957ab5b07378fcd7cc62eb2d8c4ab2f18d0f8d3d849fbf18032a5cd,downloaded,assets/1402_pexels-photo-1415131.jpeg,
1401,1401_hands.jpg,https://www.kruispadhazeldean.co.za/wp-content/uploads/2021/02/hands.jpg,image/jpeg,1280,800,landscape,,hands,,495,2021-02-08T15:23:29,369795,398c140216e2a0c13b820d184e1cee4154f2dc8d5c228cc4a79ed0a67a04f0f3,downloaded,assets/1401_hands.jpg,
1400,1400_field_hand_sun_prev.jpg,https://www.kruispadhazeldean.co.za/wp-content/uploads/2021/02/field_hand_sun_prev.jpg,image/jpeg,590,332,landscape,,field_hand_sun_prev,,495,2021-02-08T15:23:29,74063,b3142cf807f052cbe2b1c7024c20787f5e427b76a5c04e3bbb1c90857a7e8e9e,downloaded,assets/1400_field_hand_sun_prev.jpg,
1399,1399_cRXrwO.jpg,https://www.kruispadhazeldean.co.za/wp-content/uploads/2021/02/cRXrwO.jpg,image/jpeg,1024,768,landscape,,cRXrwO,,495,2021-02-08T15:23:28,74670,96af667f06fb4fe77fa1c16048890d507e47809036194eb6d3200adb37d6d4da,downloaded,assets/1399_cRXrwO.jpg,
1398,1398_crown_of_thorns-1.png,https://www.kruispadhazeldean.co.za/wp-content/uploads/2021/02/crown_of_thorns-1.png,image/png,700,300,landscape,,crown_of_thorns-1,,495,2021-02-08T15:23:27,336513,06b620ac59bfd5b6d624112465364605789463dd9cc99694855071013eeb888f,downloaded,assets/1398_crown_of_thorns-1.png,
1397,1397_crown_of_thorns-1-1.png,https://www.kruispadhazeldean.co.za/wp-content/uploads/2021/02/crown_of_thorns-1-1.png,image/png,700,300,landscape,,crown_of_thorns-1 (1),,495,2021-02-08T15:23:27,336513,06b620ac59bfd5b6d624112465364605789463dd9cc99694855071013eeb888f,downloaded,assets/1397_crown_of_thorns-1-1.png,
1396,1396_Crown.jpg,https://www.kruispadhazeldean.co.za/wp-content/uploads/2021/02/Crown.jpg,image/jpeg,680,390,landscape,,Crown,,495,2021-02-08T15:23:26,70379,639c425e5534d77f31349cfdb5668632481f403dfb96ffcf9c4f130635cc1d8a,downloaded,assets/1396_Crown.jpg,
1395,1395_Cc1LOyF.jpg,https://www.kruispadhazeldean.co.za/wp-content/uploads/2021/02/Cc1LOyF.jpg,image/jpeg,1024,768,landscape,,Cc1LOyF,,495,2021-02-08T15:23:26,74794,dbb58bd03bbcbf068ce7ccf50f38719b1752428d08acc1f479f535aa3aa2b771,downloaded,assets/1395_Cc1LOyF.jpg,
1394,1394_bible-with-pages-in-shape-of-heart-scaled.jpg,https://www.kruispadhazeldean.co.za/wp-content/uploads/2021/02/bible-with-pages-in-shape-of-heart-scaled.jpg,image/jpeg,2560,1600,landscape,,bible-with-pages-in-shape-of-heart,,495,2021-02-08T15:23:23,176647,0c207678082a1bfd3989d7787c096fa8dd75936336a9ebb706551caea2b9e7ad,downloaded,assets/1394_bible-with-pages-in-shape-of-heart-scaled.jpg,
1393,1393_bed7e9d0fa2d2448e08cb7fa2926f926-scaled.jpg,https://www.kruispadhazeldean.co.za/wp-content/uploads/2021/02/bed7e9d0fa2d2448e08cb7fa2926f926-scaled.jpg,image/jpeg,2560,1758,landscape,,bed7e9d0fa2d2448e08cb7fa2926f926,,495,2021-02-08T15:23:19,400283,274c45deb2bf18330be9a44cf37a14a459767490d15164c47d4242ba3a4a2798,downloaded,assets/1393_bed7e9d0fa2d2448e08cb7fa2926f926-scaled.jpg,
1392,1392_2576452.jpg,https://www.kruispadhazeldean.co.za/wp-content/uploads/2021/02/2576452.jpg,image/jpeg,2400,1600,landscape,,2576452,,495,2021-02-08T15:23:17,246821,c130840b40c8a1c42a1c4938257bddccdec2ed99d4b49f093ab57087cf7cae02,downloaded,assets/1392_2576452.jpg,
1391,1391_1964627.jpg,https://www.kruispadhazeldean.co.za/wp-content/uploads/2021/02/1964627.jpg,image/jpeg,720,1280,portrait,,1964627,,495,2021-02-08T15:23:16,101007,5e289f5380b6095124070093b92ef25ea74648000dfd3a3a531362932efa4e5e,downloaded,assets/1391_1964627.jpg,
1390,1390_1359510.jpg,https://www.kruispadhazeldean.co.za/wp-content/uploads/2021/02/1359510.jpg,image/jpeg,1920,1200,landscape,,1359510,,495,2021-02-08T15:23:15,308059,11340a5dfa5981a9db9e808b3253800eb82a8990a8f0eabac63928558a54a190,downloaded,assets/1390_1359510.jpg,
1389,1389_553646.jpg,https://www.kruispadhazeldean.co.za/wp-content/uploads/2021/02/553646.jpg,image/jpeg,1920,1080,landscape,,553646,,495,2021-02-08T15:23:14,187376,d62fe39c4d511210ac0bf5c29da7e51a88f1e1c7047a7a506934f3ac59cc47e0,downloaded,assets/1389_553646.jpg,
1388,1388_320450.jpg,https://www.kruispadhazeldean.co.za/wp-content/uploads/2021/02/320450.jpg,image/jpeg,1944,1094,landscape,,320450,,495,2021-02-08T15:23:13,257862,9f9b0d3d8b32a789919fca7536bae64835897d706e1e3c3a0f6689f6faf0e483,downloaded,assets/1388_320450.jpg,
1387,1387_9015_Golden-wheat-field-in-the-sunrise-HD-wallpaper.jpg,https://www.kruispadhazeldean.co.za/wp-content/uploads/2021/02/9015_Golden-wheat-field-in-the-sunrise-HD-wallpaper.jpg,image/jpeg,688,430,landscape,,9015_Golden-wheat-field-in-the-sunrise-HD-wallpaper,,495,2021-02-08T15:23:13,65723,ad12c5786d380df65ccdac292733a237bc9667e9201fe069da5f30e2ac49d19a,downloaded,assets/1387_9015_Golden-wheat-field-in-the-sunrise-HD-wallpaper.jpg,
1386,1386_39-399534_nature-wallpaper-tumblr.jpg,https://www.kruispadhazeldean.co.za/wp-content/uploads/2021/02/39-399534_nature-wallpaper-tumblr.jpg,image/jpeg,1920,1200,landscape,,39-399534_nature-wallpaper-tumblr,,495,2021-02-08T15:23:11,419069,b6e891835be1a9790d6153a5d38f3db80e73fe0b5f2602c11d69990a12a959aa,downloaded,assets/1386_39-399534_nature-wallpaper-tumblr.jpg,
1379,1379_ellyot-623921-unsplash.jpg,https://www.kruispadhazeldean.co.za/wp-content/uploads/2021/02/ellyot-623921-unsplash.jpg,image/jpeg,2560,1706,landscape,,ellyot-623921-unsplash.jpg,,,2021-02-08T15:17:53,336974,3088eee1e2bc545d0cf888e3024de4f4d9e6205731499769a70aa2bfe78a2b70,downloaded,assets/1379_ellyot-623921-unsplash.jpg,
1376,1376_dribbble-shot-for-ui-_-ux-with-iphone-x-landscape_frame.png,https://www.kruispadhazeldean.co.za/wp-content/uploads/2021/02/dribbble-shot-for-ui-_-ux-with-iphone-x-landscape_frame.png,image/png,1493,868,landscape,,dribbble-shot-for-ui-_-ux-with-iphone-x-landscape_frame.png,,,2021-02-08T15:15:33,62147,89cf96311766b0ccbf975c46419d35a96e653a10d973381e18f89f2bb731e13a,downloaded,assets/1376_dribbble-shot-for-ui-_-ux-with-iphone-x-landscape_frame.png,
1375,1375_mike-wilson-189917-unsplash-e1543250259552.jpg,https://www.kruispadhazeldean.co.za/wp-content/uploads/2021/02/mike-wilson-189917-unsplash-e1543250259552.jpg,image/jpeg,2500,1668,landscape,,mike-wilson-189917-unsplash-e1543250259552.jpg,,,2021-02-08T15:15:30,162563,ecff08370b4cb311ad403d571d5b05e7e174a445d2cd03f5f7b48e4ffceeca1b,downloaded,assets/1375_mike-wilson-189917-unsplash-e1543250259552.jpg,
1374,1374_kunj-parekh-313029-unsplash-e1543250286143.jpg,https://www.kruispadhazeldean.co.za/wp-content/uploads/2021/02/kunj-parekh-313029-unsplash-e1543250286143.jpg,image/jpeg,1980,2974,portrait,,kunj-parekh-313029-unsplash-e1543250286143.jpg,,,2021-02-08T15:15:27,186045,fad97b7c8010cf84efa286eafb88224c2580e727e5a6acf6fd78f478c6b3e388,downloaded,assets/1374_kunj-parekh-313029-unsplash-e1543250286143.jpg,
1373,1373_brian-patrick-tagalog-676639-unsplash-s.jpg,https://www.kruispadhazeldean.co.za/wp-content/uploads/2021/02/brian-patrick-tagalog-676639-unsplash-s.jpg,image/jpeg,1980,1318,landscape,,brian-patrick-tagalog-676639-unsplash-s.jpg,,,2021-02-08T15:15:25,519094,b72407ebf4a87ca91115d2408af546d990bbaf55c4aa62e81cd7b99862523ca7,downloaded,assets/1373_brian-patrick-tagalog-676639-unsplash-s.jpg,
1372,1372_jeremy-bishop-483982-unsplash.jpg,https://www.kruispadhazeldean.co.za/wp-content/uploads/2021/02/jeremy-bishop-483982-unsplash.jpg,image/jpeg,1920,2880,portrait,,jeremy-bishop-483982-unsplash.jpg,,,2021-02-08T15:15:23,369703,d8bbbac74d820cc8c06cea7ba69a4672fb0a0cbaa28693d3d393b40bfdd5b7f5,downloaded,assets/1372_jeremy-bishop-483982-unsplash.jpg,
1371,1371_fabian-kozdon-271993-unsplash.jpg,https://www.kruispadhazeldean.co.za/wp-content/uploads/2021/02/fabian-kozdon-271993-unsplash.jpg,image/jpeg,1920,1280,landscape,,fabian-kozdon-271993-unsplash.jpg,,,2021-02-08T15:15:22,201182,fc0d298693d6e0340bdb233f4981cece03ba3830f1dbeaa7cc50cf5cb5a97e8a,downloaded,assets/1371_fabian-kozdon-271993-unsplash.jpg,
1370,1370_filip-zrnzevic-349229-unsplash2.jpg,https://www.kruispadhazeldean.co.za/wp-content/uploads/2021/02/filip-zrnzevic-349229-unsplash2.jpg,image/jpeg,1200,1800,portrait,,filip-zrnzevic-349229-unsplash2.jpg,,,2021-02-08T15:15:20,255207,01cc0049e7a82c267c775ce1ebbb892130c7e894857cea0346a249ec0d634ca5,downloaded,assets/1370_filip-zrnzevic-349229-unsplash2.jpg,
1369,1369_adrian-226109-unsplash.jpg,https://www.kruispadhazeldean.co.za/wp-content/uploads/2021/02/adrian-226109-unsplash.jpg,image/jpeg,1980,1320,landscape,,adrian-226109-unsplash.jpg,,,2021-02-08T15:15:19,426494,b428e0a125fb59042b4d6705724a656cf976c95af26184d337e79ca0f195ee68,downloaded,assets/1369_adrian-226109-unsplash.jpg,
1327,1327_3.jpg,https://www.kruispadhazeldean.co.za/wp-content/uploads/2021/02/3.jpg,image/jpeg,300,385,portrait,,3.jpg,,,2021-02-06T17:15:57,34616,199a2061ef42ef61cb265d6bb6a2e3859473c5e1ca26f3e354669000a0657878,downloaded,assets/1327_3.jpg,
1324,1324_derek-thomson-443919-unsplash.jpg,https://www.kruispadhazeldean.co.za/wp-content/uploads/2021/02/derek-thomson-443919-unsplash.jpg,image/jpeg,1200,800,landscape,,derek-thomson-443919-unsplash.jpg,,,2021-02-06T17:15:51,407927,cf232fac2894c09c443bfc7e7536604f10c338327f6d22dbc823996cb959f56e,downloaded,assets/1324_derek-thomson-443919-unsplash.jpg,
1281,1281_output-onlinepngtools-1.png,https://www.kruispadhazeldean.co.za/wp-content/uploads/2021/02/output-onlinepngtools-1.png,image/png,500,500,square,,output-onlinepngtools (1),,863,2021-02-06T11:56:41,23876,2e1a42ffddae09a18b5b149005ff8e1c13764e356b741e01acf3ac5408f7bb36,downloaded,assets/1281_output-onlinepngtools-1.png,
1279,1279_output-onlinepngtools.png,https://www.kruispadhazeldean.co.za/wp-content/uploads/2021/02/output-onlinepngtools.png,image/png,500,500,square,,output-onlinepngtools,,863,2021-02-06T11:37:43,38491,1fa9f6ddc22320c86779b3ffae448756175b98b17d35561fc64b9d941c086684,downloaded,assets/1279_output-onlinepngtools.png,
1250,1250_qr2.jpg,https://www.kruispadhazeldean.co.za/wp-content/uploads/2021/02/qr2.jpg,image/jpeg,590,400,landscape,,qr2.jpg,,,2021-02-06T11:12:36,44835,f7e527f8c0f5bce484986ba8f6b343f75ae0dd8bb963eb4de01817a2134c0f3c,downloaded,assets/1250_qr2.jpg,
1249,1249_u4.png,https://www.kruispadhazeldean.co.za/wp-content/uploads/2021/02/u4.png,image/png,1000,600,landscape,,u4.png,,,2021-02-06T11:11:16,188695,4ce7ed629b8d1fc8d2aaff40b98232cf75c7fa7d526486f12df9e94df9ea4ca4,downloaded,assets/1249_u4.png,
1206,1206_pexels-photo-1037915.jpeg,https://www.kruispadhazeldean.co.za/wp-content/uploads/2021/02/pexels-photo-1037915.jpeg,image/jpeg,1280,854,landscape,,pexels-photo-1037915.jpeg,,,2021-02-05T23:42:51,66448,7241bcb75cf28a3d05270914a50ff74cdd388c33d89b84a14717b40e395d9204,downloaded,assets/1206_pexels-photo-1037915.jpeg,
1205,1205_pie-chart.png,https://www.kruispadhazeldean.co.za/wp-content/uploads/2021/02/pie-chart.png,image/png,75,75,square,,pie-chart.png,,,2021-02-05T23:42:50,1686,e16ad6bc446c58f3f5d7731f75e0697ee30fc540411f5e3204bd9c31209dc736,downloaded,assets/1205_pie-chart.png,
1201,1201_austin-johnson-275715-unsplash.jpg,https://www.kruispadhazeldean.co.za/wp-content/uploads/2021/02/austin-johnson-275715-unsplash.jpg,image/jpeg,1200,800,landscape,,austin-johnson-275715-unsplash.jpg,,,2021-02-05T23:42:33,314758,31ed5ae7e9408a118a82b9c75d28c980db994c8191fa2be916428f27fd488bce,downloaded,assets/1201_austin-johnson-275715-unsplash.jpg,
1200,1200_aaron-burden-25846-unsplash.jpg,https://www.kruispadhazeldean.co.za/wp-content/uploads/2021/02/aaron-burden-25846-unsplash.jpg,image/jpeg,1200,850,landscape,,aaron-burden-25846-unsplash.jpg,,,2021-02-05T23:42:32,192961,1d7a83472b522db3fbbd6c8fde3ef6a9f01ed4cea28fc7e071cf422ca2c94925,downloaded,assets/1200_aaron-burden-25846-unsplash.jpg,
1199,1199_kane-reinholdtsen-188778-unsplash.jpg,https://www.kruispadhazeldean.co.za/wp-content/uploads/2021/02/kane-reinholdtsen-188778-unsplash.jpg,image/jpeg,1200,800,landscape,,kane-reinholdtsen-188778-unsplash.jpg,,,2021-02-05T23:42:32,192109,55cc405a7038c71c3dfc1f166f460a94fe43337dbb2e46bade72577397458593,downloaded,assets/1199_kane-reinholdtsen-188778-unsplash.jpg,
1198,1198_greg-kantra-333822-unsplash.jpg,https://www.kruispadhazeldean.co.za/wp-content/uploads/2021/02/greg-kantra-333822-unsplash.jpg,image/jpeg,800,1200,portrait,,greg-kantra-333822-unsplash.jpg,,,2021-02-05T23:42:30,305183,87b7059f4e5d0a4d8c1c77d0bd0b6559136e533ac128f921b9f5d8cb6c2256f5,downloaded,assets/1198_greg-kantra-333822-unsplash.jpg,
1197,1197_zz-singleprofile.jpg,https://www.kruispadhazeldean.co.za/wp-content/uploads/2021/02/zz-singleprofile.jpg,image/jpeg,,,,,zz-singleprofile.jpg,,,2021-02-05T23:42:28,620686,4980cee36aa416094df5f0751bb5c8ff389d4bb12204a58c70ad0ab137d58da8,downloaded,assets/1197_zz-singleprofile.jpg,
1196,1196_lee-miller-47629-unsplash.jpg,https://www.kruispadhazeldean.co.za/wp-content/uploads/2021/02/lee-miller-47629-unsplash.jpg,image/jpeg,1980,1338,landscape,,lee-miller-47629-unsplash.jpg,,,2021-02-05T23:42:25,614979,c08b720b5f5ff18f67eb78e5bc0c1269aca9ed4607821f03dff779a195e2a289,downloaded,assets/1196_lee-miller-47629-unsplash.jpg,
1192,1192_halanna-halila-557324-unsplash.jpg,https://www.kruispadhazeldean.co.za/wp-content/uploads/2021/02/halanna-halila-557324-unsplash.jpg,image/jpeg,1920,1280,landscape,,halanna-halila-557324-unsplash.jpg,,,2021-02-05T23:41:54,264842,dc547c21e583846cf6013f09d915f8e5223c354075e81b1f4e7dd43c15fd5232,downloaded,assets/1192_halanna-halila-557324-unsplash.jpg,
1191,1191_sharon-mccutcheon-571408-unsplash.jpg,https://www.kruispadhazeldean.co.za/wp-content/uploads/2021/02/sharon-mccutcheon-571408-unsplash.jpg,image/jpeg,1920,1280,landscape,,sharon-mccutcheon-571408-unsplash.jpg,,,2021-02-05T23:41:52,392089,108c51d6449df03d8f4cbb9949226894871d2123abf41bb555cd36751ea8a2b8,downloaded,assets/1191_sharon-mccutcheon-571408-unsplash.jpg,
1190,1190_linebgoverlay.png,https://www.kruispadhazeldean.co.za/wp-content/uploads/2021/02/linebgoverlay.png,image/png,1200,900,landscape,,linebgoverlay.png,,,2021-02-05T23:41:49,12089,2e42087ebcd8c9e5570abacc3149a79a1945b4a192579022983e898d121dee68,downloaded,assets/1190_linebgoverlay.png,
1152,1152_imagebox4.jpg,https://www.kruispadhazeldean.co.za/wp-content/uploads/2021/02/imagebox4.jpg,image/jpeg,800,800,square,,imagebox4.jpg,,,2021-02-05T18:12:12,85069,5f633c0c944d2463e9a52a61884d38ca54d23c5618e7f36a53397cc21fb39043,downloaded,assets/1152_imagebox4.jpg,
1151,1151_mong-bui-515633-unsplash-1.jpg,https://www.kruispadhazeldean.co.za/wp-content/uploads/2021/02/mong-bui-515633-unsplash-1.jpg,image/jpeg,800,533,landscape,,mong-bui-515633-unsplash-1.jpg,,,2021-02-05T18:12:11,19286,b8212f42dd81010341fd2a06725b7a66995a0ee329efc66b0cefb422f841ee15,downloaded,assets/1151_mong-bui-515633-unsplash-1.jpg,
1150,1150_autumn-studio-394136-unsplash.jpg,https://www.kruispadhazeldean.co.za/wp-content/uploads/2021/02/autumn-studio-394136-unsplash.jpg,image/jpeg,2500,3333,portrait,,autumn-studio-394136-unsplash.jpg,,,2021-02-05T18:12:08,1421297,9c630aaf2a0c10ef5bdfa76ed1d2bffc5e570f57b25867756840097a499ba6b9,downloaded,assets/1150_autumn-studio-394136-unsplash.jpg,
1149,1149_rafaela-biazi-470405-unsplash.jpg,https://www.kruispadhazeldean.co.za/wp-content/uploads/2021/02/rafaela-biazi-470405-unsplash.jpg,image/jpeg,1000,1510,portrait,,rafaela-biazi-470405-unsplash.jpg,,,2021-02-05T18:12:06,242730,86aed04e7541bcc71ffabe45cfed5ad7a9382ca4eb2537e2297019a626a64aaf,downloaded,assets/1149_rafaela-biazi-470405-unsplash.jpg,
1142,1142_guille-pozzi-484826-unsplash.jpg,https://www.kruispadhazeldean.co.za/wp-content/uploads/2021/02/guille-pozzi-484826-unsplash.jpg,image/jpeg,1706,2560,portrait,,guille-pozzi-484826-unsplash.jpg,,,2021-02-05T18:01:36,965512,f29eb9dea421340533067ae1edf861aaab6e1bd943ed2a54c22767d4b32cd82b,downloaded,assets/1142_guille-pozzi-484826-unsplash.jpg,
1016,1016_grain-fields-of-golden-summer.webp_.jpg,https://www.kruispadhazeldean.co.za/wp-content/uploads/2021/02/grain-fields-of-golden-summer.webp_.jpg,image/jpeg,1200,461,landscape,,grain-fields-of-golden-summer.webp,,863,2021-02-05T09:54:35,144168,7d8f95ac21e684c46903e94daa1c8be5b98b94459ca11e77219deb7e7c19277e,downloaded,assets/1016_grain-fields-of-golden-summer.webp_.jpg,
988,988_head3.jpg,https://www.kruispadhazeldean.co.za/wp-content/uploads/2021/02/head3.jpg,image/jpeg,1920,1080,landscape,,head3.jpg,,,2021-02-05T09:04:00,259393,6f610e8001c4818ae61c478e985efa289b480fd50ae4d76c59a8618c4fa85cb8,downloaded,assets/988_head3.jpg,
987,987_welcome8-2.jpg,https://www.kruispadhazeldean.co.za/wp-content/uploads/2021/02/welcome8-2.jpg,image/jpeg,900,500,landscape,[MEC_profile],welcome8-2.jpg,,,2021-02-05T09:03:58,726180,95a49ae2528e18fe42345e864017f41733482772ef7c700f27658c9eb28e4660,downloaded,assets/987_welcome8-2.jpg,
953,953_img1.jpg,https://www.kruispadhazeldean.co.za/wp-content/uploads/2021/02/img1.jpg,image/jpeg,460,592,portrait,,img1.jpg,,,2021-02-05T08:49:58,31897,8ae0a4a925b2af510e1f5ceba44f56e44725c82cb317cf8622d64f675c8c204f,downloaded,assets/953_img1.jpg,
952,952_hero.jpg,https://www.kruispadhazeldean.co.za/wp-content/uploads/2021/02/hero.jpg,image/jpeg,1600,920,landscape,,hero.jpg,,,2021-02-05T08:49:58,50714,390a1929497eb74e94a96abec75e2ac4fabbf3b10aef15d36fb8df4348d0a8eb,downloaded,assets/952_hero.jpg,
951,951_logo-4.png,https://www.kruispadhazeldean.co.za/wp-content/uploads/2021/02/logo-4.png,image/png,371,306,landscape,,logo-4.png,,,2021-02-05T08:49:57,55475,0d0d7e5d326fd6e82f9e0691ccf2a520e66060fd8737750098c6c677fe50cbbe,downloaded,assets/951_logo-4.png,
950,950_1470399656_Branding-1.png,https://www.kruispadhazeldean.co.za/wp-content/uploads/2021/02/1470399656_Branding-1.png,image/png,128,128,square,,1470399656_Branding.png,,,2021-02-05T08:48:54,2899,f190da5d26b314f852ebb64da292ca93158dd5a1d0a1153ea1e66318ebde19e3,downloaded,assets/950_1470399656_Branding-1.png,
949,949_1470399656_Branding.png,https://www.kruispadhazeldean.co.za/wp-content/uploads/2021/02/1470399656_Branding.png,image/png,128,128,square,,1470399656_Branding.png,,,2021-02-05T08:48:54,2899,f190da5d26b314f852ebb64da292ca93158dd5a1d0a1153ea1e66318ebde19e3,downloaded,assets/949_1470399656_Branding.png,
948,948_1470399667_Newsletter.png,https://www.kruispadhazeldean.co.za/wp-content/uploads/2021/02/1470399667_Newsletter.png,image/png,128,128,square,,1470399667_Newsletter.png,,,2021-02-05T08:48:53,3405,f8502659da8169952681179b5a34c008d81a48e93c507f6eccf278cb493592c9,downloaded,assets/948_1470399667_Newsletter.png,
947,947_1470399667_Newsletter-1.png,https://www.kruispadhazeldean.co.za/wp-content/uploads/2021/02/1470399667_Newsletter-1.png,image/png,128,128,square,,1470399667_Newsletter.png,,,2021-02-05T08:48:53,3405,f8502659da8169952681179b5a34c008d81a48e93c507f6eccf278cb493592c9,downloaded,assets/947_1470399667_Newsletter-1.png,
946,946_1470399674_App_Development-1.png,https://www.kruispadhazeldean.co.za/wp-content/uploads/2021/02/1470399674_App_Development-1.png,image/png,128,128,square,,1470399674_App_Development.png,,,2021-02-05T08:48:53,3533,6980b50d3f1ce9227ac3a75a2d3011144dc30f178626a8cbf1f4ab61a0fdd7d1,downloaded,assets/946_1470399674_App_Development-1.png,
945,945_1470399674_App_Development.png,https://www.kruispadhazeldean.co.za/wp-content/uploads/2021/02/1470399674_App_Development.png,image/png,128,128,square,,1470399674_App_Development.png,,,2021-02-05T08:48:53,3533,6980b50d3f1ce9227ac3a75a2d3011144dc30f178626a8cbf1f4ab61a0fdd7d1,downloaded,assets/945_1470399674_App_Development.png,
944,944_1470399715_E-Commerce-1.png,https://www.kruispadhazeldean.co.za/wp-content/uploads/2021/02/1470399715_E-Commerce-1.png,image/png,128,128,square,,1470399715_E-Commerce.png,,,2021-02-05T08:48:53,3339,0afe314e512c0353cc6b157bd8e266529ea67f0bdbd2db8c96570a401aad2a97,downloaded,assets/944_1470399715_E-Commerce-1.png,
943,943_1470399715_E-Commerce.png,https://www.kruispadhazeldean.co.za/wp-content/uploads/2021/02/1470399715_E-Commerce.png,image/png,128,128,square,,1470399715_E-Commerce.png,,,2021-02-05T08:48:53,3339,0afe314e512c0353cc6b157bd8e266529ea67f0bdbd2db8c96570a401aad2a97,downloaded,assets/943_1470399715_E-Commerce.png,
942,942_1470399671_SEO-1.png,https://www.kruispadhazeldean.co.za/wp-content/uploads/2021/02/1470399671_SEO-1.png,image/png,128,128,square,,1470399671_SEO.png,,,2021-02-05T08:48:53,4723,65fc39030cb2289d9d7d816822df6fc3f6da7ad0358286f821a25a1e76c3eada,downloaded,assets/942_1470399671_SEO-1.png,
941,941_1470399671_SEO.png,https://www.kruispadhazeldean.co.za/wp-content/uploads/2021/02/1470399671_SEO.png,image/png,128,128,square,,1470399671_SEO.png,,,2021-02-05T08:48:53,4723,65fc39030cb2289d9d7d816822df6fc3f6da7ad0358286f821a25a1e76c3eada,downloaded,assets/941_1470399671_SEO.png,
940,940_1470399662_Marketing-1.png,https://www.kruispadhazeldean.co.za/wp-content/uploads/2021/02/1470399662_Marketing-1.png,image/png,128,128,square,,1470399662_Marketing.png,,,2021-02-05T08:48:53,3318,e15a7052def697a78a56a73770322ace930cd16621729bf881adb1a7cad9117f,downloaded,assets/940_1470399662_Marketing-1.png,
939,939_1470399662_Marketing.png,https://www.kruispadhazeldean.co.za/wp-content/uploads/2021/02/1470399662_Marketing.png,image/png,128,128,square,,1470399662_Marketing.png,,,2021-02-05T08:48:53,3318,e15a7052def697a78a56a73770322ace930cd16621729bf881adb1a7cad9117f,downloaded,assets/939_1470399662_Marketing.png,
938,938_1470399594_Web_Design-1.png,https://www.kruispadhazeldean.co.za/wp-content/uploads/2021/02/1470399594_Web_Design-1.png,image/png,512,512,square,,1470399594_Web_Design.png,,,2021-02-05T08:48:53,19053,2aa6bc075b4d564a820817a0aebc5e57a3a3bae21a43113aff116875de95fc06,downloaded,assets/938_1470399594_Web_Design-1.png,
937,937_1470399594_Web_Design.png,https://www.kruispadhazeldean.co.za/wp-content/uploads/2021/02/1470399594_Web_Design.png,image/png,512,512,square,,1470399594_Web_Design.png,,,2021-02-05T08:48:53,19053,2aa6bc075b4d564a820817a0aebc5e57a3a3bae21a43113aff116875de95fc06,downloaded,assets/937_1470399594_Web_Design.png,
936,936_1470399614_Social_Media-1.png,https://www.kruispadhazeldean.co.za/wp-content/uploads/2021/02/1470399614_Social_Media-1.png,image/png,512,512,square,,1470399614_Social_Media.png,,,2021-02-05T08:48:52,14951,798d7a12a7a1375f45cae8cb843ef450687acfe7b8710f807dcc26b7fb3221e6,downloaded,assets/936_1470399614_Social_Media-1.png,
935,935_1470399614_Social_Media.png,https://www.kruispadhazeldean.co.za/wp-content/uploads/2021/02/1470399614_Social_Media.png,image/png,512,512,square,,1470399614_Social_Media.png,,,2021-02-05T08:48:52,14951,798d7a12a7a1375f45cae8cb843ef450687acfe7b8710f807dcc26b7fb3221e6,downloaded,assets/935_1470399614_Social_Media.png,
934,934_col-1.png,https://www.kruispadhazeldean.co.za/wp-content/uploads/2021/02/col-1.png,image/png,200,150,landscape,,col.png,,,2021-02-05T08:48:52,721,0a2af4ace646097574cb0e4568d7949aa11c51a742929a28e3961a1bf181ff6e,downloaded,assets/934_col-1.png,
933,933_1470399607_Illustration.png,https://www.kruispadhazeldean.co.za/wp-content/uploads/2021/02/1470399607_Illustration.png,image/png,512,512,square,,1470399607_Illustration.png,,,2021-02-05T08:48:52,23137,96ef6c041b8fcca1cd850952804e5e7afe3453c0277f15f2d1110b9de5eafc12,downloaded,assets/933_1470399607_Illustration.png,
932,932_25497478040_140ce47f31_k.jpg,https://www.kruispadhazeldean.co.za/wp-content/uploads/2021/02/25497478040_140ce47f31_k.jpg,image/jpeg,300,300,square,,25497478040_140ce47f31_k.jpg,,,2021-02-05T08:48:52,21808,b1208dd9a8afa5816ab21ffbae1a93c15fa2547287d2059804fc913f850ee57a,downloaded,assets/932_25497478040_140ce47f31_k.jpg,
931,931_col.png,https://www.kruispadhazeldean.co.za/wp-content/uploads/2021/02/col.png,image/png,200,150,landscape,,col.png,,,2021-02-05T08:48:52,721,0a2af4ace646097574cb0e4568d7949aa11c51a742929a28e3961a1bf181ff6e,downloaded,assets/931_col.png,
930,930_digit.png,https://www.kruispadhazeldean.co.za/wp-content/uploads/2021/02/digit.png,image/png,200,150,landscape,,digit.png,,,2021-02-05T08:48:51,713,5eb6f8d3393c391e02f2dc54ae5f1ea617190366a8d0d5f26f03ef93b3c09272,downloaded,assets/930_digit.png,
929,929_darkside.png,https://www.kruispadhazeldean.co.za/wp-content/uploads/2021/02/darkside.png,image/png,200,150,landscape,,darkside.png,,,2021-02-05T08:48:51,1555,3f10f0cb93ecd5c36d80e38e0741d330a149a2eca8adadcdf1e027f52cc89c53,downloaded,assets/929_darkside.png,
928,928_mapmaster.png,https://www.kruispadhazeldean.co.za/wp-content/uploads/2021/02/mapmaster.png,image/png,200,150,landscape,,mapmaster.png,,,2021-02-05T08:48:51,1349,dfd3d61144e0430c76891e3c439c7d7bc5544b5c58c907f7ce768a742de8e197,downloaded,assets/928_mapmaster.png,
927,927_bolier.png,https://www.kruispadhazeldean.co.za/wp-content/uploads/2021/02/bolier.png,image/png,200,150,landscape,,bolier.png,,,2021-02-05T08:48:51,921,c9d8638f6d1fcb33c0b7979f9db3d721d280f045151a8eff434633fa199a2bdc,downloaded,assets/927_bolier.png,
926,926_larozse.png,https://www.kruispadhazeldean.co.za/wp-content/uploads/2021/02/larozse.png,image/png,200,150,landscape,,larozse.png,,,2021-02-05T08:48:51,3288,94a27fc4fa4b0e6d0342cd7962870a5f3c6076846b582d8e0255dff434d8a5f4,downloaded,assets/926_larozse.png,
925,925_fifthflour.png,https://www.kruispadhazeldean.co.za/wp-content/uploads/2021/02/fifthflour.png,image/png,200,150,landscape,,fifthflour.png,,,2021-02-05T08:48:51,1042,2fd9d9b7c27acb51131e1a2d921cdcefe0c5b6a5a6b12fe67c3a5e398fd23f73,downloaded,assets/925_fifthflour.png,
924,924_geo.png,https://www.kruispadhazeldean.co.za/wp-content/uploads/2021/02/geo.png,image/png,200,150,landscape,,geo.png,,,2021-02-05T08:48:49,493,447e18c2b39d6ed3e06653e3af4303802f521307165e4833fe7f294ca488bb95,downloaded,assets/924_geo.png,
923,923_x.venox_.png,https://www.kruispadhazeldean.co.za/wp-content/uploads/2021/02/x.venox_.png,image/png,200,150,landscape,,x.venox_.png,,,2021-02-05T08:48:49,1237,c19290c59ca725863490d7a7ea1b344b5fc2c920431abcf0dc99b12095949c13,downloaded,assets/923_x.venox_.png,
922,922_armond-1.png,https://www.kruispadhazeldean.co.za/wp-content/uploads/2021/02/armond-1.png,image/png,200,150,landscape,,armond-1.png,,,2021-02-05T08:48:49,755,81bb20ce64633185bd16ebaa3de3651ff42cec6e100f2792aa7b11e139861ff9,downloaded,assets/922_armond-1.png,
921,921_madrin.png,https://www.kruispadhazeldean.co.za/wp-content/uploads/2021/02/madrin.png,image/png,200,150,landscape,,madrin.png,,,2021-02-05T08:48:48,1102,81f470fb2f9781b57244b637186a285fe18b8b4f9387f63aac3374422527550b,downloaded,assets/921_madrin.png,
920,920_zing.png,https://www.kruispadhazeldean.co.za/wp-content/uploads/2021/02/zing.png,image/png,200,150,landscape,,zing.png,,,2021-02-05T08:48:48,1299,7c3f1df6e4a209e525228564096e55cee8ae75054ffb5f0395e7a210d033fd60,downloaded,assets/920_zing.png,
919,919_zusman.png,https://www.kruispadhazeldean.co.za/wp-content/uploads/2021/02/zusman.png,image/png,200,150,landscape,,zusman.png,,,2021-02-05T08:48:48,952,5f1822f59d39e9b73cf2365746c0d955d5298658f2cf778eec09212181156547,downloaded,assets/919_zusman.png,
918,918_25388715424_65480dbf18_k.jpg,https://www.kruispadhazeldean.co.za/wp-content/uploads/2021/02/25388715424_65480dbf18_k.jpg,image/jpeg,1400,934,landscape,,25388715424_65480dbf18_k.jpg,,,2021-02-05T08:48:47,135242,21c0589c244aa67d766eabfe64fa76237f0f27eef40189bab1a7fd5ad38930b9,downloaded,assets/918_25388715424_65480dbf18_k.jpg,
738,738_u7.jpg,https://www.kruispadhazeldean.co.za/wp-content/uploads/2021/02/u7.jpg,image/jpeg,600,700,portrait,,u7.jpg,,,2021-02-04T15:03:29,257396,1ea2d431c97968f48800f9ad3166f89c7e22fa4358ba05b873ef469f1bdfcef8,downloaded,assets/738_u7.jpg,
737,737_u5.jpg,https://www.kruispadhazeldean.co.za/wp-content/uploads/2021/02/u5.jpg,image/jpeg,600,700,portrait,,u5.jpg,,,2021-02-04T15:03:27,158535,e118c3d7c950fd963f29cd444a550c1f7d1cfceb5136dd03ad667a94ab426584,downloaded,assets/737_u5.jpg,
736,736_u6.jpg,https://www.kruispadhazeldean.co.za/wp-content/uploads/2021/02/u6.jpg,image/jpeg,600,700,portrait,,u6.jpg,,,2021-02-04T15:03:27,176576,a24cfce58a6c12f70835bc1c2f03d8bd2f64e706f250e6765f8db78ac006b334,downloaded,assets/736_u6.jpg,
703,703_iconfinder_location_718953.jpg,https://www.kruispadhazeldean.co.za/wp-content/uploads/2021/02/iconfinder_location_718953.jpg,image/jpeg,512,512,square,,iconfinder_location_718953,,495,2021-02-04T13:45:56,16408,d2c8534cd8a153e42f7837f547e2d33939fa77e6401f3bac8d42de8940f5b09c,downloaded,assets/703_iconfinder_location_718953.jpg,
702,702_iconfinder_multimedia-01_2849835.jpg,https://www.kruispadhazeldean.co.za/wp-content/uploads/2021/02/iconfinder_multimedia-01_2849835.jpg,image/jpeg,512,512,square,,iconfinder_multimedia-01_2849835,,495,2021-02-04T13:43:48,30375,0dbe8c21c09c8de2be978c34e7f81a84cb461ae7459b8fec68e1a68c0c107f2c,downloaded,assets/702_iconfinder_multimedia-01_2849835.jpg,
701,701_iconfinder_mail_email_e-mail_letter_5340267.jpg,https://www.kruispadhazeldean.co.za/wp-content/uploads/2021/02/iconfinder_mail_email_e-mail_letter_5340267.jpg,image/jpeg,512,512,square,Epos,iconfinder_mail_email_e-mail_letter_5340267,,495,2021-02-04T13:36:28,14714,da0868ec1c22143635efc628fa880a174f69922e5c66c0b1e6cb7c03cce246f9,downloaded,assets/701_iconfinder_mail_email_e-mail_letter_5340267.jpg,
693,693_lock-free-img.png,https://www.kruispadhazeldean.co.za/wp-content/uploads/2021/02/lock-free-img.png,image/png,120,120,square,,lock-free-img.png,,,2021-02-04T13:11:33,1800,46d93bcbf7db674d6444a31ec363791b4ce15eafd5a0b3d99838368b870fe8e3,downloaded,assets/693_lock-free-img.png,
692,692_tag-free-img.png,https://www.kruispadhazeldean.co.za/wp-content/uploads/2021/02/tag-free-img.png,image/png,120,120,square,,tag-free-img.png,,,2021-02-04T13:11:33,2040,07fe2a345ff888511faecbb991de8c8e1d6cf9e900d9171eb846149ab877b86c,downloaded,assets/692_tag-free-img.png,
691,691_quality-free-img.png,https://www.kruispadhazeldean.co.za/wp-content/uploads/2021/02/quality-free-img.png,image/png,120,120,square,,quality-free-img.png,,,2021-02-04T13:11:33,1601,b7428a8f02f1e2ffc21ff55be46da350e9628b9e0bc4890a93ba88634fd8aa51,downloaded,assets/691_quality-free-img.png,
690,690_globe-free-img.png,https://www.kruispadhazeldean.co.za/wp-content/uploads/2021/02/globe-free-img.png,image/png,120,120,square,,globe-free-img.png,,,2021-02-04T13:11:33,3416,5e88f5eb3188b325c1eefadfc0aa3f19277f87b2eba7aad31868464f65ded2d4,downloaded,assets/690_globe-free-img.png,
688,688_footwear-free-img.jpg,https://www.kruispadhazeldean.co.za/wp-content/uploads/2021/02/footwear-free-img.jpg,image/jpeg,700,700,square,,footwear-free-img.jpg,,,2021-02-04T13:11:31,19911,7f5b6916ddebd77abb965b986f097d398ae33a5508815ea92268f2801415f42b,downloaded,assets/688_footwear-free-img.jpg,
685,685_brand7-free-img.png,https://www.kruispadhazeldean.co.za/wp-content/uploads/2021/02/brand7-free-img.png,image/png,150,150,square,,brand7-free-img.png,,,2021-02-04T13:11:30,13777,802c9f9c2d3c6f6baf5afdbf132f23012e28edac2b6afc067a194e7e8835db99,downloaded,assets/685_brand7-free-img.png,
684,684_brand6-free-img.png,https://www.kruispadhazeldean.co.za/wp-content/uploads/2021/02/brand6-free-img.png,image/png,150,150,square,,brand6-free-img.png,,,2021-02-04T13:11:30,8775,22a93c15acff59c5285105036071f1581211e2e491d1e4f4c4e67e27525aacd6,downloaded,assets/684_brand6-free-img.png,
683,683_brand4-free-img.png,https://www.kruispadhazeldean.co.za/wp-content/uploads/2021/02/brand4-free-img.png,image/png,150,150,square,,brand4-free-img.png,,,2021-02-04T13:11:30,8680,2c0141044cf2a240a99c7946b8d435a614bda12d4d979950bb157c809159b3e0,downloaded,assets/683_brand4-free-img.png,
682,682_brand2-free-img.png,https://www.kruispadhazeldean.co.za/wp-content/uploads/2021/02/brand2-free-img.png,image/png,150,150,square,,brand2-free-img.png,,,2021-02-04T13:11:30,7837,f47d32802e61a0a4439fe7b63118f3cfe650d45fe5404ef94cbdabaef7bcb7a4,downloaded,assets/682_brand2-free-img.png,
681,681_brand1-free-img.png,https://www.kruispadhazeldean.co.za/wp-content/uploads/2021/02/brand1-free-img.png,image/png,150,150,square,,brand1-free-img.png,,,2021-02-04T13:11:30,10101,d3931996e53bf3ece9cbfd41dcea51b6e6f336b9ec5ce8f5c00f04933ada4c71,downloaded,assets/681_brand1-free-img.png,
,ext_bc715089_rsz_17390621_1571347679559848_7813712227570444759_o-300x100.jpg,https://www.kruispadhazeldean.co.za/wp-content/uploads/2020/09/rsz_17390621_1571347679559848_7813712227570444759_o-300x100.jpg,,,,,,(not in media library),,,,0,,http-404,,/droom-vir-kruispad/|/category/uncategorized/|/author/admin/|/2020/12/
,ext_7a275eae_Image-10-1-scaled.jpg,https://www.kruispadhazeldean.co.za/wp-content/uploads/2021/02/Image-10-1-scaled.jpg,,,,,,(not in media library),,,,0,,http-404,,/meer-oor-ons/
,ext_c4cba23d_Image-4-1-scaled.jpg,https://www.kruispadhazeldean.co.za/wp-content/uploads/2021/02/Image-4-1-scaled.jpg,,,,,,(not in media library),,,,0,,http-404,,/meer-oor-ons/
,ext_408c40dc_Copy-of-Skyfie-voorblad.png,https://www.kruispadhazeldean.co.za/wp-content/uploads/2025/09/Copy-of-Skyfie-voorblad.png,,,,,,(not in media library),,,,737795,7279b1cbc18203ed203636522e30443b2c563db5fac20dcf339a31ad31acb3a9,downloaded,assets/ext_408c40dc_Copy-of-Skyfie-voorblad.png,/
,ext_6458aa52_Copy-of-Copy-of-Copy-of-Cafe-Berea-vakansie-1.png,https://www.kruispadhazeldean.co.za/wp-content/uploads/2025/09/Copy-of-Copy-of-Copy-of-Cafe-Berea-vakansie-1.png,,,,,,(not in media library),,,,1210462,a77de76241ef02b3a6b78f3f4241e0f27de479d656a8bfbf2e9d72fc6a7b8ecc,downloaded,assets/ext_6458aa52_Copy-of-Copy-of-Copy-of-Cafe-Berea-vakansie-1.png,/
,ext_c36706b6_KPSTAFF-6-scaled-rb7cah8350dx0f3aldb1fr5rg0lqx09th8e466bohk.jpg,https://www.kruispadhazeldean.co.za/wp-content/uploads/elementor/thumbs/KPSTAFF-6-scaled-rb7cah8350dx0f3aldb1fr5rg0lqx09th8e466bohk.jpg,,,,,,(not in media library),,,,18134,9a919449e60f9afd195f2551cfaa9124e4b463731e7d27c7488586b6f4e44311,downloaded,assets/ext_c36706b6_KPSTAFF-6-scaled-rb7cah8350dx0f3aldb1fr5rg0lqx09th8e466bohk.jpg,/meer-oor-ons/span/
,ext_725a9549_7a09c0d2-65c7-4f92-bd32-8f43a01f214d-p38f4ux0a8xdppbdpb8xfpdmyczx7xvd1t6sl08ed4.jpg,https://www.kruispadhazeldean.co.za/wp-content/uploads/elementor/thumbs/7a09c0d2-65c7-4f92-bd32-8f43a01f214d-p38f4ux0a8xdppbdpb8xfpdmyczx7xvd1t6sl08ed4.jpg,,,,,,(not in media library),,,,12580,a3f57c0bd307ac46939b90a15d57340f32d479f595125cafa7aea2419d9ae9da,downloaded,assets/ext_725a9549_7a09c0d2-65c7-4f92-bd32-8f43a01f214d-p38f4ux0a8xdppbdpb8xfpdmyczx7xvd1t6sl08ed4.jpg,/meer-oor-ons/span/
,ext_7a83e506_KPSTAFF-4-scaled-rb7cg80kwk8zymqx1uoyoaz64sahyf2rlnwxr1t2go.jpg,https://www.kruispadhazeldean.co.za/wp-content/uploads/elementor/thumbs/KPSTAFF-4-scaled-rb7cg80kwk8zymqx1uoyoaz64sahyf2rlnwxr1t2go.jpg,,,,,,(not in media library),,,,16180,761d4caa8d710dd2aa67a25fae91cdb7f83fe8bef67939c4701cc8bae19ca23d,downloaded,assets/ext_7a83e506_KPSTAFF-4-scaled-rb7cg80kwk8zymqx1uoyoaz64sahyf2rlnwxr1t2go.jpg,/meer-oor-ons/span/
,ext_5f082235_KPSTAFF-8-scaled-rb7cd0efjxuqaleusypunm5h2e4cnnbs5ro7q0khq0.jpg,https://www.kruispadhazeldean.co.za/wp-content/uploads/elementor/thumbs/KPSTAFF-8-scaled-rb7cd0efjxuqaleusypunm5h2e4cnnbs5ro7q0khq0.jpg,,,,,,(not in media library),,,,15431,a6d30661351991651b7e9090f5bb2d0f9a5f0c1678dbe0b52bf6960c7a16b77f,downloaded,assets/ext_5f082235_KPSTAFF-8-scaled-rb7cd0efjxuqaleusypunm5h2e4cnnbs5ro7q0khq0.jpg,/meer-oor-ons/span/
