route,sources,http_status,redirect_chain,final_url,wp_type,wp_id,wp_status,wp_parent,wp_modified,wp_template,html_lang,title,meta_description,canonical,og_image,h1,headings,word_count,images,links,iframes,videos,forms,raw_html,text_file
/droom-vir-kruispad/,sitemap|rest-post|brief-alias,200,200 https://www.kruispadhazeldean.co.za/droom-vir-kruispad/,https://www.kruispadhazeldean.co.za/droom-vir-kruispad/,post,646,publish,,2020-12-14T17:29:43,,en-US,DROOM VIR KRUISPAD – Kruispad Hazeldean Gemeente,,https://www.kruispadhazeldean.co.za/droom-vir-kruispad/,,DROOM VIR KRUISPAD,h1:DROOM VIR KRUISPAD | h2:DROOM VIR KRUISPAD | h3:Leave a Reply Cancel reply,329,3,24,,,1,raw/html/droom-vir-kruispad.html,raw/html/droom-vir-kruispad.text.txt
/meer-oor-ons/,sitemap|rest-page|brief-route,200,200 https://www.kruispadhazeldean.co.za/meer-oor-ons/,https://www.kruispadhazeldean.co.za/meer-oor-ons/,page,483,publish,0,2025-10-06T09:20:17,,en-US,Wie is ons – Kruispad Hazeldean Gemeente,,https://www.kruispadhazeldean.co.za/meer-oor-ons/,,Die Droom,h2:Kruispad Hazeldean Gemeente | h1:Die Droom | h3:Kruispad Span | h3:Organisasies,53,16,26,https://www.google.com/maps/embed/v1/place?key=google.com/maps/place/Curro+Hazeldean+preschool+and+primary+school/data=!4m2!3m1!1s0x0:0x4d954b43f85926c6?sa=X&ved=1t:2428&ictx=111&q=Kruispad%20Hazeldean%20Kantore&zoom=16,,0,raw/html/meer-oor-ons.html,raw/html/meer-oor-ons.text.txt
/,sitemap|rest-page|brief-route,200,200 https://www.kruispadhazeldean.co.za/,https://www.kruispadhazeldean.co.za/,page,495,publish,0,2026-09-03T13:09:19,,en-US,Kruispad Hazeldean Gemeente – Gemeente van Jesus,,https://www.kruispadhazeldean.co.za/,,Kruispad Hazeldean Gemeente | Kruispad,h1:Kruispad Hazeldean Gemeente | h2:Welkom by ons familie | h2:Welkom by ons familie | h2:A way of life... | h2:Ons glo in die Bybel as God se Woord en die werking van die Heilige Gees in ons daaglikse lewe. | h1:Kruispad | h3:Café Berea | h3:Odos Kids,86,17,27,,,0,raw/html/home-root.html,raw/html/home-root.text.txt
/meer-oor-ons/droom-van-kruispad/,sitemap|rest-page|brief-route,200,200 https://www.kruispadhazeldean.co.za/meer-oor-ons/droom-van-kruispad/,https://www.kruispadhazeldean.co.za/meer-oor-ons/droom-van-kruispad/,page,613,publish,483,2026-09-03T14:01:13,,en-US,Droom van Kruispad – Kruispad Hazeldean Gemeente,,https://www.kruispadhazeldean.co.za/meer-oor-ons/droom-van-kruispad/,,,h2:Kruispad Gemeente Hazeldean | h2:Kruispad Gemeente Hazeldean | h2:’n Gemeente waar Jesus Christus die Hoof is.’n Gemeente waar gebed in die naam van Jesus tot die Vader is.’n Gemeente waar die werking van die Heilige Gees gelowiges toerus om te leef en te getuig.’n Gemeente waar die Woord sentraal staan in ons lewens en in ons byeenkomste.’n Gemeente waar verhoudings kerk definieer.’n Gemeente waar gelowiges ledemate is van die kerk van Jesus.’n Gemeente waar die prediking van die evangelie van Jesus die krag van God is wat mense red.’n Gemeente waar dissipelskap ’n leefwyse is.’n Gemeente waar bediening ’n lewenswyse is in die lewe van elke gelowige.’n Gemeente wat die Here loof en prys.’n Gemeente waar gelowiges die Here elke dag opsoek in hulle persoonlike stiltetyd.’n Gemeente waar uitreike en sending gesien word as ‘n daaglikse lewensgebeurtenis.’n Gemeente waar gelowiges elke ete sien as nagmaal (liefdesmaaltyd).’n Gemeente waar die sekerheid van ons geloof in Jesus Christus lê.’n Gemeente waar elke gelowige die gemeente opbou deur sy/haar gawe.’n Gemeente waar daar verskillende generasies is.’n Gemeente waar ouers primêr verantwoordelik is vir geloofsopvoeding.‘n Gemeente wat die doop sien as ‘n teken van Christus se kruisiging en opstanding en ons vereenselwiging daarmee.’n Gemeente waar die belydenis van ons geloof ’n daaglikse handeling is in ons lewe voor- en saam met God.’n Gemeente wat Jesus se wederkoms elke dag verwag,269,2,21,,https://www.youtube.com/watch?v=sKI1zLpL9iw&feature=youtu.be,0,raw/html/meer-oor-ons__droom-van-kruispad.html,raw/html/meer-oor-ons__droom-van-kruispad.text.txt
/home/kontak-ons/,sitemap|rest-page|brief-route,200,200 https://www.kruispadhazeldean.co.za/home/kontak-ons/,https://www.kruispadhazeldean.co.za/home/kontak-ons/,page,805,publish,495,2026-09-03T17:34:48,,en-US,Kantore – Kruispad Hazeldean Gemeente,,https://www.kruispadhazeldean.co.za/home/kontak-ons/,,Kruispad Kantore | Kruispad Eredienste | Kruispad Kantore | Kruispad Eredienste,"h1:Kruispad Kantore | h1:Kruispad Eredienste | h1:Kruispad Kantore | h1:Kruispad Eredienste | h2:Kantoor Ure | h2:Ma – Do: | h2:08:00-16:00 Vr: | h2:08:00-12:00 | h2:Adres | h2:Kantoor 4, Gebou B, | h2:Silver Lakes Office Park, | h2:1 Von Backstrom Blvd, | h2:Pretoria, 0081 | h2:Adres | h2:Curro Hazeldean Primary | h2:1 Silver Lakes Road | h2:Hazeldean, 0081 | h2:Vorms vir Nuwe Lede",81,7,23,https://www.google.com/maps/embed?pb=!1m18!1m12!1m3!1d4262.070349287056!2d28.360105967060555!3d-25.768858389026963!2m3!1f0!2f0!3f0!3m2!1i1024!2i768!4f13.1!3m3!1m2!1s0x1e955f9b36c709d9%3A0xe3e67f347382d3da!2sKruispad%20Hazeldean%20Kantore!5e1!3m2!1sen!2sza!4v1757166235773!5m2!1sen!2sza | https://www.google.com/maps/embed?pb=!1m18!1m12!1m3!1d17048.284922097333!2d28.35238115712064!3d-25.768833849051838!2m3!1f0!2f0!3f0!3m2!1i1024!2i768!4f13.1!3m3!1m2!1s0x1e955ea5d9640313%3A0xcfab33553886a848!2sKruispad%20Gemeente!5e1!3m2!1sen!2sza!4v1757166700587!5m2!1sen!2sza,,0,raw/html/home__kontak-ons.html,raw/html/home__kontak-ons.text.txt
/dien/,sitemap|rest-page|brief-route,200,200 https://www.kruispadhazeldean.co.za/dien/,https://www.kruispadhazeldean.co.za/dien/,page,853,publish,0,2025-10-06T09:24:47,,en-US,Raak betrokke – Kruispad Hazeldean Gemeente,,https://www.kruispadhazeldean.co.za/dien/,,,h2:Kruispad Hazeldean Kalender | h2:’n Gemeente waar Jesus Christus die Hoof is. ’n Gemeente waar gebed in die naam van Jesus tot die Vader is. ’n Gemeente waar die werking van die Heilige Gees gelowiges toegerus om te leef en te getuig. ’n Gemeente waar die Woord sentraal staan in ons lewens en in ons byeenkomste. ’n Gemeente waar verhoudings kerk definieer.,123,2,24,https://www.google.com/maps/embed/v1/place?key=google.com/maps/place/Curro+Hazeldean+preschool+and+primary+school/data=!4m2!3m1!1s0x0:0x4d954b43f85926c6?sa=X&ved=1t:2428&ictx=111&q=Kruispad%20Hazeldean%20Kantore&zoom=16,,0,raw/html/dien.html,raw/html/dien.text.txt
/home/kruispad-erediens/,sitemap|rest-page|brief-route,200,200 https://www.kruispadhazeldean.co.za/home/kruispad-erediens/,https://www.kruispadhazeldean.co.za/home/kruispad-erediens/,page,857,publish,495,2026-09-01T10:40:42,,en-US,Kruispad Gemeente – Kruispad Hazeldean Gemeente,,https://www.kruispadhazeldean.co.za/home/kruispad-erediens/,,Eredienste,h2:Kruispad Hazeldean Gemeente | h2:Kruispad Hazeldean Gemeente | h1:Eredienste,74,14,29,https://www.google.com/maps/embed?pb=!1m18!1m12!1m3!1d4261.832821025031!2d28.374440386307644!3d-25.7754720882174!2m3!1f0!2f0!3f0!3m2!1i1024!2i768!4f13.1!3m3!1m2!1s0x1e955ea5d9640313%3A0xcfab33553886a848!2sKruispad%20Gemeente!5e1!3m2!1sen!2sza!4v1757171976686!5m2!1sen!2sza,,0,raw/html/home__kruispad-erediens.html,raw/html/home__kruispad-erediens.text.txt
/preke-en-media/fred-suzi/,sitemap|rest-page|brief-route,200,200 https://www.kruispadhazeldean.co.za/preke-en-media/fred-suzi/,https://www.kruispadhazeldean.co.za/preke-en-media/fred-suzi/,page,859,publish,485,2026-09-08T10:52:21,,en-US,Suzi – Kruispad Hazeldean Gemeente,,https://www.kruispadhazeldean.co.za/preke-en-media/fred-suzi/,,"Suzi en Oom Fred | Elke Sondag oggend gesels Suzi en Oom Fred – op ‘n manier wat kinders sal verstaan – waaroor daardie Sondag se erediens handel, en wat Suzi as ‘n dogtertjie daaruit kan leer. | Hierdie is sommer baie belangrike lewenslesse wat ons uit God se Woord, Die Bybel – leer.","h1:Suzi en Oom Fred | h1:Elke Sondag oggend gesels Suzi en Oom Fred – op ‘n manier wat kinders sal verstaan – waaroor daardie Sondag se erediens handel, en wat Suzi as ‘n dogtertjie daaruit kan leer. | h1:Hierdie is sommer baie belangrike lewenslesse wat ons uit God se Woord, Die Bybel – leer. | h4:Kom leer saam met Suzi | h2:Na Suzi gaan al die kinders na Odos klassies toe tydens die diens.",126,5,24,,https://www.youtube.com/watch?v=KkfNjoZLeHk | https://www.youtube.com/watch?v=06fM-Bb31PM,0,raw/html/preke-en-media__fred-suzi.html,raw/html/preke-en-media__fred-suzi.text.txt
/cafe-berea/,sitemap|rest-page|brief-route,200,200 https://www.kruispadhazeldean.co.za/cafe-berea/,https://www.kruispadhazeldean.co.za/cafe-berea/,page,861,publish,0,2025-10-06T09:21:00,,en-US,Cafe Berea – Kruispad Hazeldean Gemeente,,https://www.kruispadhazeldean.co.za/cafe-berea/,,Café Berea | Sondae 17:30 – 18:30,"h1:Café Berea | h2:Café Berea is vir jong mense, studente en jong werkende volwassenes | h4:Café Berea Byeenkomste | h1:Sondae 17:30 – 18:30",177,3,24,https://www.google.com/maps/embed?pb=!1m18!1m12!1m3!1d4261.832821025031!2d28.374440386307644!3d-25.7754720882174!2m3!1f0!2f0!3f0!3m2!1i1024!2i768!4f13.1!3m3!1m2!1s0x1e955ea5d9640313%3A0xcfab33553886a848!2sKruispad%20Gemeente!5e1!3m2!1sen!2sza!4v1757171976686!5m2!1sen!2sza,https://www.youtube.com/watch?v=Oj_iAlDXcg4 | https://www.youtube.com/watch?v=vzfHCh55obs,0,raw/html/cafe-berea.html,raw/html/cafe-berea.text.txt
/preke-en-media/preke/,sitemap|rest-page|brief-route,200,200 https://www.kruispadhazeldean.co.za/preke-en-media/preke/,https://www.kruispadhazeldean.co.za/preke-en-media/preke/,page,863,publish,485,2026-09-08T10:59:07,,en-US,Preke – Kruispad Hazeldean Gemeente,,https://www.kruispadhazeldean.co.za/preke-en-media/preke/,,,h2:Kruispad Preke,69,4,23,,https://www.youtube.com/watch?v=eCTG_OpBlTc&list=PLXd_5mDrJQReT_A-bKTG5w_CynYbba2VR&index=2 | https://www.youtube.com/watch?v=nvDfuy-Ur1c | https://www.youtube.com/watch?v=_zt8qQf0z44,0,raw/html/preke-en-media__preke.html,raw/html/preke-en-media__preke.text.txt
/groepe/,sitemap|rest-page|brief-route,200,200 https://www.kruispadhazeldean.co.za/groepe/,https://www.kruispadhazeldean.co.za/groepe/,page,865,publish,0,2025-10-06T09:24:17,,en-US,Vind jou plek – Kruispad Hazeldean Gemeente,,https://www.kruispadhazeldean.co.za/groepe/,,Senior tee,"h2:Vir al die 30-somethings. | h2:’n Plek vir jong volwassenes om saam te groei, kuier en geloof te bou. | h2:Kom kuier saam een keer ‘n maand. | h2:Volg die skakel om deel te word van die groep. Alle kommunikasie sal daarop plaasvind. | h1:Senior tee | h2:Kom kuier saam met ons vir ’n lekker koppie tee, heerlike eetgoedjies en goeie geselskap. | h2:Dis ’n wonderlike geleentheid om nuwe vriende te maak, saam te lag en geestelik versterk te word. | h2:Volg die skakel om deel te word van die groep.Alle kommunikasie sal daarop plaasvind.",137,4,23,,,0,raw/html/groepe.html,raw/html/groepe.text.txt
/meer-oor-ons/span/,sitemap|rest-page|brief-route,200,200 https://www.kruispadhazeldean.co.za/meer-oor-ons/span/,https://www.kruispadhazeldean.co.za/meer-oor-ons/span/,page,869,publish,483,2026-08-25T18:33:09,,en-US,Span – Kruispad Hazeldean Gemeente,,https://www.kruispadhazeldean.co.za/meer-oor-ons/span/,,,h2:DIE SPAN,84,6,21,,,0,raw/html/meer-oor-ons__span.html,raw/html/meer-oor-ons__span.text.txt
/groepe/organisasies/,sitemap|rest-page|brief-route,200,200 https://www.kruispadhazeldean.co.za/groepe/organisasies/,https://www.kruispadhazeldean.co.za/groepe/organisasies/,page,871,publish,865,2026-09-08T10:36:00,,en-US,Groepe – Kruispad Hazeldean Gemeente,,https://www.kruispadhazeldean.co.za/groepe/organisasies/,,Eleos,"h2:Eleos | h2:ELEOS was birthed out of a desire, to effect tangible change, in the lives of those living in poverty. ELEOS is named after a Greek term, which means “Mercy in Action”. ELEOS is a registered, non‐profit organisation which aims to deliver social services to underprivileged children and their families in Pretoria‐West. The people of this community not only struggle to obtain the bare essentials but are also burdened with enormous financial, physical, emotional and mental stresses. | h1:Eleos | h3:Kairos | h2:Kairos | h2:KAIROS originated as a result of an eye surgeon that did an operation on a learner from Laerskool Generaal Nicolaas Smit. The surgeon put it into words by saying: “We must thank GOD for this and that HE deserves all the glory as this was a KAIROS moment where GOD touched lives and changed them forever.” This is how God uses normal people to be disciples (Good Samaritans) that will pick up the poor, the broken and the lost so they can make a lasting change in the lives of someone else. Luke 10:25. | h2:KAIROS has different projects but our Primary purpose is not only to change a life but a whole posterity! | h2:KAIROS supports children from pre-school, primary school and high school to develop their full potential. Poverty can only be broken by education and qualifications (Tertiary education as well as trades are being sponsored!) | h2:Some of these learners attend schools in the East of Pretoria that has hostels where the circumstances are much better for them to achieve. We also placed learners in schools with hostels such as Delmas. The cost for this is enormous and is about R3500.00 per month per child then we also try to give them some pocket money so they can also feel that they fit into the mainstream with other children. Currently we have 3 primary school and five high school learners in hostels. We also sponsor +-15 other learners in our community on a regular basis. We also have students that we support with handbooks, clothing, transport etc. | h2:Parents are unemployed and KAIROS try to change this by doing skills audits and keeping record of this so that the whole family can benefit from this. Parents are placed at schools, industries, small and large companies on a voluntarily basis so we can see what they can do. Once they proof that they are trustworthy they receive a reference letter and are added to our data base for approved employees that provides more security to potential employers. | h2:KAIROS has become a beacon of hope to a large part of the community in a very short time. Schools, churches and other welfare organisations ask for help daily as poverty literally increases over night. Sometimes we have parents that work only so they can have a roof over their heads, but they can’t even afford to buy bread. We currently assist between 160 to 200 families with food parcels.",668,4,25,,,0,raw/html/groepe__organisasies.html,raw/html/groepe__organisasies.text.txt
/dien/elios/,sitemap|rest-page|brief-route,200,200 https://www.kruispadhazeldean.co.za/dien/elios/,https://www.kruispadhazeldean.co.za/dien/elios/,page,873,publish,853,2026-08-26T18:15:32,elementor_header_footer,en-US,Eleos – Kruispad Hazeldean Gemeente,,https://www.kruispadhazeldean.co.za/dien/elios/,,,"h2:Eleos is a registered PBO & NPO. | h2:We help underprivileged children and their families in the Pretoria West region. | h2:Eleos has been supporting families in Pretoria West through various life transitions, since 1998.We do this by building personal relationships in all our group projects. | h2:We focus our work in Booysens and Claremont, Pretoria West. The people of this community not only struggle to obtain the bare essentials, but are also burdened with enormous financial, physical, emotional and mental challenges. | h2:Eleos builds relationships, regardless of race and culture. Eleos is a faith-based NPO, and therefore upholds Christian values.We focus on prevention, primary care and community upliftment. | h2:Eleos is a Greek word that means MERCY IN ACTION and that is what a group of women from Pretoria East started doing. | h2:During August 1998, a group of women visited a playgroup in Booysens. The desperate need and struggle of the children, touched the women in such a way, that they immediately decided to get actively involved. They not only realised how many families lived in dire need of basic essentials, but that social upliftment and ongoing projects were needed to make a difference in the children’s lives. Over the years, various community projects were launched, focussing on the family as a whole. A Community Centre in Wilhelm Street and an Early Childhood Development Centre in Market Street soon became beacons of hope for many destitute families. Eleos also has two After School Care facilities in close vicinity to the primary schools. | h2:We uphold Christian believes and values.",299,3,26,,,0,raw/html/dien__elios.html,raw/html/dien__elios.text.txt
/dien/kairos/,sitemap|rest-page|brief-route,200,200 https://www.kruispadhazeldean.co.za/dien/kairos/,https://www.kruispadhazeldean.co.za/dien/kairos/,page,875,publish,853,2026-09-08T11:13:29,elementor_header_footer,en-US,Kairos – Kruispad Hazeldean Gemeente,,https://www.kruispadhazeldean.co.za/dien/kairos/,,,"h4:Meer oor Kairos | h2:In Efesiers 5:16 beteken Kairos “Maak die beste gebruik van elke geleentheid” om dit verder te verduidelik beteken dit Tydig, Betyds, ‘n Spesifieke seisoen. | h2:Deur die jare het die nood soveel toegeneem, dat ons besluit het om ‘n onafhanklike NPO op die been te bring. Kairos “Verander Lewens” is geinspireer deur Dr. Gideon Du Plessis nadat hy sy hart oopgemaak het vir ‘n kind met ‘n oog probleem. Die verandering wat sy onbaatsugtige hulp aan hierdie kind se lewe gemaak het kan aan niemand beskryf word nie. | h2:Dit is by hom waar ons geleer het wat Kairos werklik beteken. In Efesiers 5:16 beteken Kairos “Maak die beste gebruik van elke geleentheid” om dit verder te verduidelik beteken dit Tydig, Betyds, ‘n Spesifieke seisoen. Dr. Du Plessis het betyds in hierdie kind se lewe gekom en dit vir altyd ten goede verander. Dit het ons laat besef dat as net een mens ‘n kind se lewe so dramaties kan verander sal ons as ons net so ‘n bietjie van ons tyd en liefde gee soveel meer mense help en bereik.",223,2,23,,https://www.kruispadhazeldean.co.za/wp-content/uploads/2021/02/WhatsApp-Video-2021-02-15-at-11.56.37.mp4,0,raw/html/dien__kairos.html,raw/html/dien__kairos.text.txt
/odos-kidz/,sitemap|rest-page|brief-route,200,200 https://www.kruispadhazeldean.co.za/odos-kidz/,https://www.kruispadhazeldean.co.za/odos-kidz/,page,1274,publish,0,2026-09-07T12:26:08,,en-US,Odos Kids – Kruispad Hazeldean Gemeente,,https://www.kruispadhazeldean.co.za/odos-kidz/,,Die Odos Reeks,"h2:Kruispad Gemeente Hazeldean | h2:Kruispad Gemeente Hazeldean | h1:Die Odos Reeks | h3:Nuwe hulpmiddels en boeke wat kinders en jongmense opgewonde maak oor Christus is skaars. Daarom dat hierdie reeks so kosbaar is, want dit is van die begin tot einde gebaseer op ‘n kreatiewe omgang met die tydlyne en verhale van die Bybel. | h3:Jy hoef nooit te wonder of Bybelse roetes nagevolg word nie, want dit gebeur op elke bladsy. Ewe belangrik is dat dit die Bybel op verstaanbare, sigbare en praktiese maniere ontsluit, sonder om die boodskap hiervan ooit af te water. | h3:Hierdie reeks kies nie net om al die “maklike” of “gewilde” Bybelstories te vertel nie. Baie van God se woorde en dade, as deel van Sy plan om vir Hom ‘n volk te vergader, word hierin gedeel sodat die jongeres Hom beter kan leer ken en liefkry. | h3:Ook loop jy vir Jesus helder en duidelik raak as die hartklop van die Nuwe-Testament verhaal. Wat ‘n fenomenale hulpmiddel tot eer van die Here! | h2:Hoe werk Odos? | h3:Odos 1: Bekendste Bybelfigure van die Ou Testament​ ​ | h3:Odos 2: Jesus se Lewe op Aarde ​ | h3:Odos 3: Die Gelykenisse van Jesus | h3:Odos 4: Die Gestuurdes-Handelinge | h3:Odos 5: Priesters, Profete, Rigters & Konings ​ | h3:Odos 6: Die boeke van die Ou Testament​ | h3:Odos 7: Die boeke van die Nuwe Testament​ | h3:Odos 8: Leef 24/7 (Spreuke) ​ | h3:Odos 9: 'n Reis deur Markus | h3:Ouerskap-opleiding: Help! My kind word groot",1112,13,32,,,0,raw/html/odos-kidz.html,raw/html/odos-kidz.text.txt
/home/bydraes/,sitemap|rest-page|brief-route,200,200 https://www.kruispadhazeldean.co.za/home/bydraes/,https://www.kruispadhazeldean.co.za/home/bydraes/,page,1986,publish,495,2026-09-03T15:08:17,,en-US,Bydraes – Kruispad Hazeldean Gemeente,,https://www.kruispadhazeldean.co.za/home/bydraes/,,FINANSIËLE BYDRAES,"h2:Kruispad Hazeldean Gemeente | h2:Kruispad Hazeldean Gemeente | h1:FINANSIËLE BYDRAES | h2:Kruispad Gemeente, baie dankie vir julle bydraes, of dit nou maandeliks is of tydens Sondae se kollekte opnames. Die offers wat U gee is vir die onderhoud van die gemeente, asook vir die bystandsverlening van verskeie barmhartigheid organisasies asook vir die verkondiging van die evangelie. | h2:Tydens Augustus maand sal daar geen kollekte opmanes tydens die eredienste gedoen word nie. Hierdie maand is die maand waar u tydens u stilte tyd, by die Here hoor, waar jy jou maandelikse en kollekte offers moet saai.",260,15,21,,,0,raw/html/home__bydraes.html,raw/html/home__bydraes.text.txt
/2026-kalender/,sitemap|rest-page|brief-route,200,200 https://www.kruispadhazeldean.co.za/2026-kalender/,https://www.kruispadhazeldean.co.za/2026-kalender/,page,3758,publish,0,2025-10-06T09:23:06,,en-US,2026 Kalender – Kruispad Hazeldean Gemeente,,https://www.kruispadhazeldean.co.za/2026-kalender/,,,h2:2026 Jaar program | h2:Kom loer gereeld om eerste te sien wat wanneer gebeur,54,2,21,,,0,raw/html/2026-kalender.html,raw/html/2026-kalender.text.txt
/category/uncategorized/,sitemap,200,200 https://www.kruispadhazeldean.co.za/category/uncategorized/,https://www.kruispadhazeldean.co.za/category/uncategorized/,,,,,,,en-US,Uncategorized – Kruispad Hazeldean Gemeente,,,,Category: Uncategorized,h1:Category: Uncategorized | h2:DROOM VIR KRUISPAD | h2:DROOM VIR KRUISPAD,292,3,23,,,0,raw/html/category__uncategorized.html,raw/html/category__uncategorized.text.txt
/author/admin/,sitemap,200,200 https://www.kruispadhazeldean.co.za/author/admin/,https://www.kruispadhazeldean.co.za/author/admin/,,,,,,,en-US,admin – Kruispad Hazeldean Gemeente,,,,Author: admin,h1:Author: admin | h2:DROOM VIR KRUISPAD | h2:DROOM VIR KRUISPAD,292,3,23,,,0,raw/html/author__admin.html,raw/html/author__admin.text.txt
/preke-en-media/kruispad-erediens/,brief-alias,200,301 https://www.kruispadhazeldean.co.za/preke-en-media/kruispad-erediens/ -> 200 https://www.kruispadhazeldean.co.za/home/kruispad-erediens/,https://www.kruispadhazeldean.co.za/home/kruispad-erediens/,,,,,,,en-US,Kruispad Gemeente – Kruispad Hazeldean Gemeente,,https://www.kruispadhazeldean.co.za/home/kruispad-erediens/,,Eredienste,h2:Kruispad Hazeldean Gemeente | h2:Kruispad Hazeldean Gemeente | h1:Eredienste,74,14,29,https://www.google.com/maps/embed?pb=!1m18!1m12!1m3!1d4261.832821025031!2d28.374440386307644!3d-25.7754720882174!2m3!1f0!2f0!3f0!3m2!1i1024!2i768!4f13.1!3m3!1m2!1s0x1e955ea5d9640313%3A0xcfab33553886a848!2sKruispad%20Gemeente!5e1!3m2!1sen!2sza!4v1757171976686!5m2!1sen!2sza,,0,raw/html/preke-en-media__kruispad-erediens.html,raw/html/preke-en-media__kruispad-erediens.text.txt
/preke-en-media/cafe-berea/,brief-alias,200,301 https://www.kruispadhazeldean.co.za/preke-en-media/cafe-berea/ -> 200 https://www.kruispadhazeldean.co.za/cafe-berea/,https://www.kruispadhazeldean.co.za/cafe-berea/,,,,,,,en-US,Cafe Berea – Kruispad Hazeldean Gemeente,,https://www.kruispadhazeldean.co.za/cafe-berea/,,Café Berea | Sondae 17:30 – 18:30,"h1:Café Berea | h2:Café Berea is vir jong mense, studente en jong werkende volwassenes | h4:Café Berea Byeenkomste | h1:Sondae 17:30 – 18:30",177,3,24,https://www.google.com/maps/embed?pb=!1m18!1m12!1m3!1d4261.832821025031!2d28.374440386307644!3d-25.7754720882174!2m3!1f0!2f0!3f0!3m2!1i1024!2i768!4f13.1!3m3!1m2!1s0x1e955ea5d9640313%3A0xcfab33553886a848!2sKruispad%20Gemeente!5e1!3m2!1sen!2sza!4v1757171976686!5m2!1sen!2sza,https://www.youtube.com/watch?v=Oj_iAlDXcg4 | https://www.youtube.com/watch?v=vzfHCh55obs,0,raw/html/preke-en-media__cafe-berea.html,raw/html/preke-en-media__cafe-berea.text.txt
/home/odos-kidz/,brief-alias,200,301 https://www.kruispadhazeldean.co.za/home/odos-kidz/ -> 200 https://www.kruispadhazeldean.co.za/odos-kidz/,https://www.kruispadhazeldean.co.za/odos-kidz/,,,,,,,en-US,Odos Kids – Kruispad Hazeldean Gemeente,,https://www.kruispadhazeldean.co.za/odos-kidz/,,Die Odos Reeks,"h2:Kruispad Gemeente Hazeldean | h2:Kruispad Gemeente Hazeldean | h1:Die Odos Reeks | h3:Nuwe hulpmiddels en boeke wat kinders en jongmense opgewonde maak oor Christus is skaars. Daarom dat hierdie reeks so kosbaar is, want dit is van die begin tot einde gebaseer op ‘n kreatiewe omgang met die tydlyne en verhale van die Bybel. | h3:Jy hoef nooit te wonder of Bybelse roetes nagevolg word nie, want dit gebeur op elke bladsy. Ewe belangrik is dat dit die Bybel op verstaanbare, sigbare en praktiese maniere ontsluit, sonder om die boodskap hiervan ooit af te water. | h3:Hierdie reeks kies nie net om al die “maklike” of “gewilde” Bybelstories te vertel nie. Baie van God se woorde en dade, as deel van Sy plan om vir Hom ‘n volk te vergader, word hierin gedeel sodat die jongeres Hom beter kan leer ken en liefkry. | h3:Ook loop jy vir Jesus helder en duidelik raak as die hartklop van die Nuwe-Testament verhaal. Wat ‘n fenomenale hulpmiddel tot eer van die Here! | h2:Hoe werk Odos? | h3:Odos 1: Bekendste Bybelfigure van die Ou Testament​ ​ | h3:Odos 2: Jesus se Lewe op Aarde ​ | h3:Odos 3: Die Gelykenisse van Jesus | h3:Odos 4: Die Gestuurdes-Handelinge | h3:Odos 5: Priesters, Profete, Rigters & Konings ​ | h3:Odos 6: Die boeke van die Ou Testament​ | h3:Odos 7: Die boeke van die Nuwe Testament​ | h3:Odos 8: Leef 24/7 (Spreuke) ​ | h3:Odos 9: 'n Reis deur Markus | h3:Ouerskap-opleiding: Help! My kind word groot",1112,13,32,,,0,raw/html/home__odos-kidz.html,raw/html/home__odos-kidz.text.txt
/meer-oor-ons/organisasies/,brief-alias,200,301 https://www.kruispadhazeldean.co.za/meer-oor-ons/organisasies/ -> 200 https://www.kruispadhazeldean.co.za/groepe/organisasies/,https://www.kruispadhazeldean.co.za/groepe/organisasies/,,,,,,,en-US,Groepe – Kruispad Hazeldean Gemeente,,https://www.kruispadhazeldean.co.za/groepe/organisasies/,,Eleos,"h2:Eleos | h2:ELEOS was birthed out of a desire, to effect tangible change, in the lives of those living in poverty. ELEOS is named after a Greek term, which means “Mercy in Action”. ELEOS is a registered, non‐profit organisation which aims to deliver social services to underprivileged children and their families in Pretoria‐West. The people of this community not only struggle to obtain the bare essentials but are also burdened with enormous financial, physical, emotional and mental stresses. | h1:Eleos | h3:Kairos | h2:Kairos | h2:KAIROS originated as a result of an eye surgeon that did an operation on a learner from Laerskool Generaal Nicolaas Smit. The surgeon put it into words by saying: “We must thank GOD for this and that HE deserves all the glory as this was a KAIROS moment where GOD touched lives and changed them forever.” This is how God uses normal people to be disciples (Good Samaritans) that will pick up the poor, the broken and the lost so they can make a lasting change in the lives of someone else. Luke 10:25. | h2:KAIROS has different projects but our Primary purpose is not only to change a life but a whole posterity! | h2:KAIROS supports children from pre-school, primary school and high school to develop their full potential. Poverty can only be broken by education and qualifications (Tertiary education as well as trades are being sponsored!) | h2:Some of these learners attend schools in the East of Pretoria that has hostels where the circumstances are much better for them to achieve. We also placed learners in schools with hostels such as Delmas. The cost for this is enormous and is about R3500.00 per month per child then we also try to give them some pocket money so they can also feel that they fit into the mainstream with other children. Currently we have 3 primary school and five high school learners in hostels. We also sponsor +-15 other learners in our community on a regular basis. We also have students that we support with handbooks, clothing, transport etc. | h2:Parents are unemployed and KAIROS try to change this by doing skills audits and keeping record of this so that the whole family can benefit from this. Parents are placed at schools, industries, small and large companies on a voluntarily basis so we can see what they can do. Once they proof that they are trustworthy they receive a reference letter and are added to our data base for approved employees that provides more security to potential employers. | h2:KAIROS has become a beacon of hope to a large part of the community in a very short time. Schools, churches and other welfare organisations ask for help daily as poverty literally increases over night. Sometimes we have parents that work only so they can have a roof over their heads, but they can’t even afford to buy bread. We currently assist between 160 to 200 families with food parcels.",668,4,25,,,0,raw/html/meer-oor-ons__organisasies.html,raw/html/meer-oor-ons__organisasies.text.txt
/?page_id=485,brief-alias,404,404 https://www.kruispadhazeldean.co.za/?page_id=485,https://www.kruispadhazeldean.co.za/?page_id=485,,,,,,,en-US,Page not found – Kruispad Hazeldean Gemeente,,,,Oops! That page can’t be found.,h1:Oops! That page can’t be found.,63,2,21,,,1,raw/html/_page_id_485.html,raw/html/_page_id_485.text.txt
/meer-oor-ons/organisasies/elios/,brief-alias,404,404 https://www.kruispadhazeldean.co.za/meer-oor-ons/organisasies/elios/,https://www.kruispadhazeldean.co.za/meer-oor-ons/organisasies/elios/,,,,,,,en-US,Page not found – Kruispad Hazeldean Gemeente,,,,Oops! That page can’t be found.,h1:Oops! That page can’t be found.,63,2,21,,,1,raw/html/meer-oor-ons__organisasies__elios.html,raw/html/meer-oor-ons__organisasies__elios.text.txt
/meer-oor-ons/organisasies/kairos/,brief-alias,404,404 https://www.kruispadhazeldean.co.za/meer-oor-ons/organisasies/kairos/,https://www.kruispadhazeldean.co.za/meer-oor-ons/organisasies/kairos/,,,,,,,en-US,Page not found – Kruispad Hazeldean Gemeente,,,,Oops! That page can’t be found.,h1:Oops! That page can’t be found.,63,2,21,,,1,raw/html/meer-oor-ons__organisasies__kairos.html,raw/html/meer-oor-ons__organisasies__kairos.text.txt
/http-www-boxout-web-za-gebeure-kalender/month/,discovered-link,404,404 https://www.kruispadhazeldean.co.za/http-www-boxout-web-za-gebeure-kalender/month/,https://www.kruispadhazeldean.co.za/http-www-boxout-web-za-gebeure-kalender/month/,,,,,,,en-US,Page not found – Kruispad Hazeldean Gemeente,,,,Oops! That page can’t be found.,h1:Oops! That page can’t be found.,63,2,21,,,1,raw/html/http-www-boxout-web-za-gebeure-kalender__month.html,raw/html/http-www-boxout-web-za-gebeure-kalender__month.text.txt
/2020/12/,discovered-link,200,200 https://www.kruispadhazeldean.co.za/2020/12/,https://www.kruispadhazeldean.co.za/2020/12/,,,,,,,en-US,December 2020 – Kruispad Hazeldean Gemeente,,,,Month: December 2020,h1:Month: December 2020 | h2:DROOM VIR KRUISPAD | h2:DROOM VIR KRUISPAD,293,3,23,,,0,raw/html/2020__12.html,raw/html/2020__12.text.txt
